rm -rf build iso
mkdir -p build
nasm -f elf32 boot/boot.asm -o build/boot.o
i686-elf-gcc -ffreestanding -O0 -g -nostdlib -Iinclude -c kernel/kernel.c -o build/kernel.o
i686-elf-gcc -ffreestanding -O0 -g -nostdlib -Iinclude -c gdt/gdt.c -o build/gdt.o
nasm -f elf32 gdt/gdt_flush.asm -o build/gdt_flush.o
i686-elf-gcc -ffreestanding -O0 -g -nostdlib -Iinclude -c idt/idt.c -o build/idt.o
nasm -f elf32 idt/isr/isr.asm -o build/isr_asm.o
i686-elf-gcc -ffreestanding -O0 -g -nostdlib -Iinclude -c idt/isr/exceptions.c -o build/exceptions.o
nasm -f elf32 idt/irq/irq.asm -o build/irq_asm.o
i686-elf-gcc -ffreestanding -O0 -g -nostdlib -Iinclude -c idt/irq/irq.c -o build/irq.o
i686-elf-gcc -ffreestanding -O0 -g -nostdlib -Iinclude -c idt/pic/pic.c -o build/pic.o
i686-elf-gcc -ffreestanding -O0 -g -nostdlib -Iinclude -c drivers/serial.c -o build/serial.o
i686-elf-gcc -ffreestanding -O0 -g -nostdlib -Iinclude -c drivers/timer.c -o build/timer.o
i686-elf-gcc -ffreestanding -O0 -g -nostdlib -Iinclude -c drivers/keyboard.c -o build/keyboard.o
i686-elf-gcc -ffreestanding -O0 -g -nostdlib -Iinclude -c display/vga_display.c -o build/vga_display.o
i686-elf-gcc -ffreestanding -O0 -g -nostdlib -Iinclude -c pit/pit.c -o build/pit.o
i686-elf-gcc -ffreestanding -O0 -g -nostdlib -Iinclude -c kernel/memory-management/manager.c -o build/manager.o
i686-elf-gcc -ffreestanding -O0 -g -nostdlib -Iinclude -c kernel/memory-management/allocator.c -o build/allocator.o
i686-elf-gcc -ffreestanding -O0 -g -nostdlib -Iinclude -c kernel/memory-management/mm.c -o build/mm.o
i686-elf-gcc -ffreestanding -O0 -g -nostdlib -Iinclude -c kernel/memory-management/buddy.c -o build/buddy.o
nasm -f elf32 kernel/memory-management/page.asm -o build/page.o
i686-elf-gcc -ffreestanding -O0 -g -nostdlib -Iinclude -c data_structures/list.c -o build/list.o
i686-elf-gcc -ffreestanding -O0 -g -nostdlib -Iinclude -c kernel/memory-management/slab.c -o build/slab.o
i686-elf-gcc -T linker/linker.ld -o build/bach_k.elf -ffreestanding -O0 -g -nostdlib build/boot.o build/kernel.o build/gdt.o build/gdt_flush.o build/idt.o build/isr_asm.o build/exceptions.o build/irq_asm.o build/irq.o build/pic.o build/serial.o build/timer.o build/keyboard.o build/vga_display.o build/pit.o build/manager.o build/allocator.o build/mm.o build/buddy.o build/page.o build/list.o build/slab.o -lgcc
i686-elf-objcopy -O binary build/bach_k.elf build/bach_k.bin
mkdir -p iso/boot/grub
cp build/bach_k.elf  iso/boot/bach_k.elf
cp build/bach_k.bin  iso/boot/bach_k.bin
cp grub/grub.cfg           iso/boot/grub/
grub-mkrescue -o build/bach_k.iso iso >/dev/null 2>&1
[OK] Multiboot compliant
Serial initialized. Booting...
kernel_start= 0x00200000
kernel_end= 0x00210130GRUB passed multiboot info at 0x
0x00010000
Lower memory:  KB
0x0000027F
Upper memory:  KB
0x00003B80
flags= 0x00001A6F
--- Multiboot Memory Info ---
mmap addr = 0x000100B0
mmap length = 0x000000A8
flags = 0x00001A6F

 Start: 0x0x00000000 | End: 0x0x0009FC00 | Length: 0x0x0009FC00 | Type: 0x0x00000001

 Start: 0x0x0009FC00 | End: 0x0x000A0000 | Length: 0x0x00000400 | Type: 0x0x00000002

 Start: 0x0x000F0000 | End: 0x0x00100000 | Length: 0x0x00010000 | Type: 0x0x00000002

 Start: 0x0x00100000 | End: 0x0x00FE0000 | Length: 0x0x00EE0000 | Type: 0x0x00000001

 Start: 0x0x00FE0000 | End: 0x0x01000000 | Length: 0x0x00020000 | Type: 0x0x00000002

 Start: 0x0xFEFFC000 | End: 0x0xFF000000 | Length: 0x0x00004000 | Type: 0x0x00000002

 Start: 0x0xFFFC0000 | End: 0x0x00000000 | Length: 0x0x00040000 | Type: 0x0x00000002

Detected usable memory blocks:
Block 0x00000000: Start=0x0x00000000 End=0x0x0009FC00
Block 0x00000001: Start=0x0x00210130 End=0x0x00FE0000
Block 0x00000002: Start=0x0x00000000 End=0x0x00000000
Block 0x00000003: Start=0x0x00000000 End=0x0x00000000
Block 0x00000004: Start=0x0x00000000 End=0x0x00000000
Block 0x00000005: Start=0x0x00000000 End=0x0x00000000
Block 0x00000006: Start=0x0x00000000 End=0x0x00000000
Block 0x00000007: Start=0x0x00000000 End=0x0x00000000
Block 0x00000008: Start=0x0x00000000 End=0x0x00000000
Block 0x00000009: Start=0x0x00000000 End=0x0x00000000
-----------------------------

 highest_usable_pfn: 0x0x00000EE0
 total_ram_pages: 0x0x00000FE0
 max_pfn: 0x0x00000EE0
 max_low_pfn: 0x0x0000009F
 high_start_pfn: 0x0x0000009F
 high_end_pfn: 0x0x00000EE0
 total_high_pages: 0x0x00000E41
Memory available.

block 0
start= 0x00000000
end= 0x0009FC00

block 1
start= 0x00210130
end= 0x00FE0000
Starting allocator test...
arr1 write/read test passed.
arr2 preserved correctly after arr3 allocation.
Allocator test completed successfully.

mem_map starts at addr :0x0000106C
curr aligned phy_start: 	0x00210130
new aligned phy_start: 	0x00211000
new aligned page_start: 	0x00000211
curr aligned phy_end: 	0x00FE0000
new aligned phy_end: 	0x00FE0000
new aligned page_end: 	0x00000FDF
pages req by mem_map are: 0x00000024
pgdir_entires are : 0x00000003
 pgd is : 0x00000300
pg_dir entry : 0
page_table address : 0x00000000
page_table_entry : 0	 val: 0x00000003
page_table_entry : 1	 val: 0x00001003
page_table_entry : 2	 val: 0x00002003
page_table_entry : 3	 val: 0x00003003
page_table_entry : 4	 val: 0x00004003
page_table_entry : 5	 val: 0x00005003
page_table_entry : 6	 val: 0x00006003
page_table_entry : 7	 val: 0x00007003
page_table_entry : 8	 val: 0x00008003
page_table_entry : 9	 val: 0x00009003
page_table_entry : 10	 val: 0x0000A003
page_table_entry : 11	 val: 0x0000B003
page_table_entry : 12	 val: 0x0000C003
page_table_entry : 13	 val: 0x0000D003
page_table_entry : 14	 val: 0x0000E003
page_table_entry : 15	 val: 0x0000F003
page_table_entry : 16	 val: 0x00010003
page_table_entry : 17	 val: 0x00011003
page_table_entry : 18	 val: 0x00012003
page_table_entry : 19	 val: 0x00013003
page_table_entry : 20	 val: 0x00014003
page_table_entry : 21	 val: 0x00015003
page_table_entry : 22	 val: 0x00016003
page_table_entry : 23	 val: 0x00017003
page_table_entry : 24	 val: 0x00018003
page_table_entry : 25	 val: 0x00019003
page_table_entry : 26	 val: 0x0001A003
page_table_entry : 27	 val: 0x0001B003
page_table_entry : 28	 val: 0x0001C003
page_table_entry : 29	 val: 0x0001D003
page_table_entry : 30	 val: 0x0001E003
page_table_entry : 31	 val: 0x0001F003
page_table_entry : 32	 val: 0x00020003
page_table_entry : 33	 val: 0x00021003
page_table_entry : 34	 val: 0x00022003
page_table_entry : 35	 val: 0x00023003
page_table_entry : 36	 val: 0x00024003
page_table_entry : 37	 val: 0x00025003
page_table_entry : 38	 val: 0x00026003
page_table_entry : 39	 val: 0x00027003
page_table_entry : 40	 val: 0x00028003
page_table_entry : 41	 val: 0x00029003
page_table_entry : 42	 val: 0x0002A003
page_table_entry : 43	 val: 0x0002B003
page_table_entry : 44	 val: 0x0002C003
page_table_entry : 45	 val: 0x0002D003
page_table_entry : 46	 val: 0x0002E003
page_table_entry : 47	 val: 0x0002F003
page_table_entry : 48	 val: 0x00030003
page_table_entry : 49	 val: 0x00031003
page_table_entry : 50	 val: 0x00032003
page_table_entry : 51	 val: 0x00033003
page_table_entry : 52	 val: 0x00034003
page_table_entry : 53	 val: 0x00035003
page_table_entry : 54	 val: 0x00036003
page_table_entry : 55	 val: 0x00037003
page_table_entry : 56	 val: 0x00038003
page_table_entry : 57	 val: 0x00039003
page_table_entry : 58	 val: 0x0003A003
page_table_entry : 59	 val: 0x0003B003
page_table_entry : 60	 val: 0x0003C003
page_table_entry : 61	 val: 0x0003D003
page_table_entry : 62	 val: 0x0003E003
page_table_entry : 63	 val: 0x0003F003
page_table_entry : 64	 val: 0x00040003
page_table_entry : 65	 val: 0x00041003
page_table_entry : 66	 val: 0x00042003
page_table_entry : 67	 val: 0x00043003
page_table_entry : 68	 val: 0x00044003
page_table_entry : 69	 val: 0x00045003
page_table_entry : 70	 val: 0x00046003
page_table_entry : 71	 val: 0x00047003
page_table_entry : 72	 val: 0x00048003
page_table_entry : 73	 val: 0x00049003
page_table_entry : 74	 val: 0x0004A003
page_table_entry : 75	 val: 0x0004B003
page_table_entry : 76	 val: 0x0004C003
page_table_entry : 77	 val: 0x0004D003
page_table_entry : 78	 val: 0x0004E003
page_table_entry : 79	 val: 0x0004F003
page_table_entry : 80	 val: 0x00050003
page_table_entry : 81	 val: 0x00051003
page_table_entry : 82	 val: 0x00052003
page_table_entry : 83	 val: 0x00053003
page_table_entry : 84	 val: 0x00054003
page_table_entry : 85	 val: 0x00055003
page_table_entry : 86	 val: 0x00056003
page_table_entry : 87	 val: 0x00057003
page_table_entry : 88	 val: 0x00058003
page_table_entry : 89	 val: 0x00059003
page_table_entry : 90	 val: 0x0005A003
page_table_entry : 91	 val: 0x0005B003
page_table_entry : 92	 val: 0x0005C003
page_table_entry : 93	 val: 0x0005D003
page_table_entry : 94	 val: 0x0005E003
page_table_entry : 95	 val: 0x0005F003
page_table_entry : 96	 val: 0x00060003
page_table_entry : 97	 val: 0x00061003
page_table_entry : 98	 val: 0x00062003
page_table_entry : 99	 val: 0x00063003
page_table_entry : 100	 val: 0x00064003
page_table_entry : 101	 val: 0x00065003
page_table_entry : 102	 val: 0x00066003
page_table_entry : 103	 val: 0x00067003
page_table_entry : 104	 val: 0x00068003
page_table_entry : 105	 val: 0x00069003
page_table_entry : 106	 val: 0x0006A003
page_table_entry : 107	 val: 0x0006B003
page_table_entry : 108	 val: 0x0006C003
page_table_entry : 109	 val: 0x0006D003
page_table_entry : 110	 val: 0x0006E003
page_table_entry : 111	 val: 0x0006F003
page_table_entry : 112	 val: 0x00070003
page_table_entry : 113	 val: 0x00071003
page_table_entry : 114	 val: 0x00072003
page_table_entry : 115	 val: 0x00073003
page_table_entry : 116	 val: 0x00074003
page_table_entry : 117	 val: 0x00075003
page_table_entry : 118	 val: 0x00076003
page_table_entry : 119	 val: 0x00077003
page_table_entry : 120	 val: 0x00078003
page_table_entry : 121	 val: 0x00079003
page_table_entry : 122	 val: 0x0007A003
page_table_entry : 123	 val: 0x0007B003
page_table_entry : 124	 val: 0x0007C003
page_table_entry : 125	 val: 0x0007D003
page_table_entry : 126	 val: 0x0007E003
page_table_entry : 127	 val: 0x0007F003
page_table_entry : 128	 val: 0x00080003
page_table_entry : 129	 val: 0x00081003
page_table_entry : 130	 val: 0x00082003
page_table_entry : 131	 val: 0x00083003
page_table_entry : 132	 val: 0x00084003
page_table_entry : 133	 val: 0x00085003
page_table_entry : 134	 val: 0x00086003
page_table_entry : 135	 val: 0x00087003
page_table_entry : 136	 val: 0x00088003
page_table_entry : 137	 val: 0x00089003
page_table_entry : 138	 val: 0x0008A003
page_table_entry : 139	 val: 0x0008B003
page_table_entry : 140	 val: 0x0008C003
page_table_entry : 141	 val: 0x0008D003
page_table_entry : 142	 val: 0x0008E003
page_table_entry : 143	 val: 0x0008F003
page_table_entry : 144	 val: 0x00090003
page_table_entry : 145	 val: 0x00091003
page_table_entry : 146	 val: 0x00092003
page_table_entry : 147	 val: 0x00093003
page_table_entry : 148	 val: 0x00094003
page_table_entry : 149	 val: 0x00095003
page_table_entry : 150	 val: 0x00096003
page_table_entry : 151	 val: 0x00097003
page_table_entry : 152	 val: 0x00098003
page_table_entry : 153	 val: 0x00099003
page_table_entry : 154	 val: 0x0009A003
page_table_entry : 155	 val: 0x0009B003
page_table_entry : 156	 val: 0x0009C003
page_table_entry : 157	 val: 0x0009D003
page_table_entry : 158	 val: 0x0009E003
page_table_entry : 159	 val: 0x0009F003
page_table_entry : 160	 val: 0x000A0003
page_table_entry : 161	 val: 0x000A1003
page_table_entry : 162	 val: 0x000A2003
page_table_entry : 163	 val: 0x000A3003
page_table_entry : 164	 val: 0x000A4003
page_table_entry : 165	 val: 0x000A5003
page_table_entry : 166	 val: 0x000A6003
page_table_entry : 167	 val: 0x000A7003
page_table_entry : 168	 val: 0x000A8003
page_table_entry : 169	 val: 0x000A9003
page_table_entry : 170	 val: 0x000AA003
page_table_entry : 171	 val: 0x000AB003
page_table_entry : 172	 val: 0x000AC003
page_table_entry : 173	 val: 0x000AD003
page_table_entry : 174	 val: 0x000AE003
page_table_entry : 175	 val: 0x000AF003
page_table_entry : 176	 val: 0x000B0003
page_table_entry : 177	 val: 0x000B1003
page_table_entry : 178	 val: 0x000B2003
page_table_entry : 179	 val: 0x000B3003
page_table_entry : 180	 val: 0x000B4003
page_table_entry : 181	 val: 0x000B5003
page_table_entry : 182	 val: 0x000B6003
page_table_entry : 183	 val: 0x000B7003
page_table_entry : 184	 val: 0x000B8003
page_table_entry : 185	 val: 0x000B9003
page_table_entry : 186	 val: 0x000BA003
page_table_entry : 187	 val: 0x000BB003
page_table_entry : 188	 val: 0x000BC003
page_table_entry : 189	 val: 0x000BD003
page_table_entry : 190	 val: 0x000BE003
page_table_entry : 191	 val: 0x000BF003
page_table_entry : 192	 val: 0x000C0003
page_table_entry : 193	 val: 0x000C1003
page_table_entry : 194	 val: 0x000C2003
page_table_entry : 195	 val: 0x000C3003
page_table_entry : 196	 val: 0x000C4003
page_table_entry : 197	 val: 0x000C5003
page_table_entry : 198	 val: 0x000C6003
page_table_entry : 199	 val: 0x000C7003
page_table_entry : 200	 val: 0x000C8003
page_table_entry : 201	 val: 0x000C9003
page_table_entry : 202	 val: 0x000CA003
page_table_entry : 203	 val: 0x000CB003
page_table_entry : 204	 val: 0x000CC003
page_table_entry : 205	 val: 0x000CD003
page_table_entry : 206	 val: 0x000CE003
page_table_entry : 207	 val: 0x000CF003
page_table_entry : 208	 val: 0x000D0003
page_table_entry : 209	 val: 0x000D1003
page_table_entry : 210	 val: 0x000D2003
page_table_entry : 211	 val: 0x000D3003
page_table_entry : 212	 val: 0x000D4003
page_table_entry : 213	 val: 0x000D5003
page_table_entry : 214	 val: 0x000D6003
page_table_entry : 215	 val: 0x000D7003
page_table_entry : 216	 val: 0x000D8003
page_table_entry : 217	 val: 0x000D9003
page_table_entry : 218	 val: 0x000DA003
page_table_entry : 219	 val: 0x000DB003
page_table_entry : 220	 val: 0x000DC003
page_table_entry : 221	 val: 0x000DD003
page_table_entry : 222	 val: 0x000DE003
page_table_entry : 223	 val: 0x000DF003
page_table_entry : 224	 val: 0x000E0003
page_table_entry : 225	 val: 0x000E1003
page_table_entry : 226	 val: 0x000E2003
page_table_entry : 227	 val: 0x000E3003
page_table_entry : 228	 val: 0x000E4003
page_table_entry : 229	 val: 0x000E5003
page_table_entry : 230	 val: 0x000E6003
page_table_entry : 231	 val: 0x000E7003
page_table_entry : 232	 val: 0x000E8003
page_table_entry : 233	 val: 0x000E9003
page_table_entry : 234	 val: 0x000EA003
page_table_entry : 235	 val: 0x000EB003
page_table_entry : 236	 val: 0x000EC003
page_table_entry : 237	 val: 0x000ED003
page_table_entry : 238	 val: 0x000EE003
page_table_entry : 239	 val: 0x000EF003
page_table_entry : 240	 val: 0x000F0003
page_table_entry : 241	 val: 0x000F1003
page_table_entry : 242	 val: 0x000F2003
page_table_entry : 243	 val: 0x000F3003
page_table_entry : 244	 val: 0x000F4003
page_table_entry : 245	 val: 0x000F5003
page_table_entry : 246	 val: 0x000F6003
page_table_entry : 247	 val: 0x000F7003
page_table_entry : 248	 val: 0x000F8003
page_table_entry : 249	 val: 0x000F9003
page_table_entry : 250	 val: 0x000FA003
page_table_entry : 251	 val: 0x000FB003
page_table_entry : 252	 val: 0x000FC003
page_table_entry : 253	 val: 0x000FD003
page_table_entry : 254	 val: 0x000FE003
page_table_entry : 255	 val: 0x000FF003
page_table_entry : 256	 val: 0x00100003
page_table_entry : 257	 val: 0x00101003
page_table_entry : 258	 val: 0x00102003
page_table_entry : 259	 val: 0x00103003
page_table_entry : 260	 val: 0x00104003
page_table_entry : 261	 val: 0x00105003
page_table_entry : 262	 val: 0x00106003
page_table_entry : 263	 val: 0x00107003
page_table_entry : 264	 val: 0x00108003
page_table_entry : 265	 val: 0x00109003
page_table_entry : 266	 val: 0x0010A003
page_table_entry : 267	 val: 0x0010B003
page_table_entry : 268	 val: 0x0010C003
page_table_entry : 269	 val: 0x0010D003
page_table_entry : 270	 val: 0x0010E003
page_table_entry : 271	 val: 0x0010F003
page_table_entry : 272	 val: 0x00110003
page_table_entry : 273	 val: 0x00111003
page_table_entry : 274	 val: 0x00112003
page_table_entry : 275	 val: 0x00113003
page_table_entry : 276	 val: 0x00114003
page_table_entry : 277	 val: 0x00115003
page_table_entry : 278	 val: 0x00116003
page_table_entry : 279	 val: 0x00117003
page_table_entry : 280	 val: 0x00118003
page_table_entry : 281	 val: 0x00119003
page_table_entry : 282	 val: 0x0011A003
page_table_entry : 283	 val: 0x0011B003
page_table_entry : 284	 val: 0x0011C003
page_table_entry : 285	 val: 0x0011D003
page_table_entry : 286	 val: 0x0011E003
page_table_entry : 287	 val: 0x0011F003
page_table_entry : 288	 val: 0x00120003
page_table_entry : 289	 val: 0x00121003
page_table_entry : 290	 val: 0x00122003
page_table_entry : 291	 val: 0x00123003
page_table_entry : 292	 val: 0x00124003
page_table_entry : 293	 val: 0x00125003
page_table_entry : 294	 val: 0x00126003
page_table_entry : 295	 val: 0x00127003
page_table_entry : 296	 val: 0x00128003
page_table_entry : 297	 val: 0x00129003
page_table_entry : 298	 val: 0x0012A003
page_table_entry : 299	 val: 0x0012B003
page_table_entry : 300	 val: 0x0012C003
page_table_entry : 301	 val: 0x0012D003
page_table_entry : 302	 val: 0x0012E003
page_table_entry : 303	 val: 0x0012F003
page_table_entry : 304	 val: 0x00130003
page_table_entry : 305	 val: 0x00131003
page_table_entry : 306	 val: 0x00132003
page_table_entry : 307	 val: 0x00133003
page_table_entry : 308	 val: 0x00134003
page_table_entry : 309	 val: 0x00135003
page_table_entry : 310	 val: 0x00136003
page_table_entry : 311	 val: 0x00137003
page_table_entry : 312	 val: 0x00138003
page_table_entry : 313	 val: 0x00139003
page_table_entry : 314	 val: 0x0013A003
page_table_entry : 315	 val: 0x0013B003
page_table_entry : 316	 val: 0x0013C003
page_table_entry : 317	 val: 0x0013D003
page_table_entry : 318	 val: 0x0013E003
page_table_entry : 319	 val: 0x0013F003
page_table_entry : 320	 val: 0x00140003
page_table_entry : 321	 val: 0x00141003
page_table_entry : 322	 val: 0x00142003
page_table_entry : 323	 val: 0x00143003
page_table_entry : 324	 val: 0x00144003
page_table_entry : 325	 val: 0x00145003
page_table_entry : 326	 val: 0x00146003
page_table_entry : 327	 val: 0x00147003
page_table_entry : 328	 val: 0x00148003
page_table_entry : 329	 val: 0x00149003
page_table_entry : 330	 val: 0x0014A003
page_table_entry : 331	 val: 0x0014B003
page_table_entry : 332	 val: 0x0014C003
page_table_entry : 333	 val: 0x0014D003
page_table_entry : 334	 val: 0x0014E003
page_table_entry : 335	 val: 0x0014F003
page_table_entry : 336	 val: 0x00150003
page_table_entry : 337	 val: 0x00151003
page_table_entry : 338	 val: 0x00152003
page_table_entry : 339	 val: 0x00153003
page_table_entry : 340	 val: 0x00154003
page_table_entry : 341	 val: 0x00155003
page_table_entry : 342	 val: 0x00156003
page_table_entry : 343	 val: 0x00157003
page_table_entry : 344	 val: 0x00158003
page_table_entry : 345	 val: 0x00159003
page_table_entry : 346	 val: 0x0015A003
page_table_entry : 347	 val: 0x0015B003
page_table_entry : 348	 val: 0x0015C003
page_table_entry : 349	 val: 0x0015D003
page_table_entry : 350	 val: 0x0015E003
page_table_entry : 351	 val: 0x0015F003
page_table_entry : 352	 val: 0x00160003
page_table_entry : 353	 val: 0x00161003
page_table_entry : 354	 val: 0x00162003
page_table_entry : 355	 val: 0x00163003
page_table_entry : 356	 val: 0x00164003
page_table_entry : 357	 val: 0x00165003
page_table_entry : 358	 val: 0x00166003
page_table_entry : 359	 val: 0x00167003
page_table_entry : 360	 val: 0x00168003
page_table_entry : 361	 val: 0x00169003
page_table_entry : 362	 val: 0x0016A003
page_table_entry : 363	 val: 0x0016B003
page_table_entry : 364	 val: 0x0016C003
page_table_entry : 365	 val: 0x0016D003
page_table_entry : 366	 val: 0x0016E003
page_table_entry : 367	 val: 0x0016F003
page_table_entry : 368	 val: 0x00170003
page_table_entry : 369	 val: 0x00171003
page_table_entry : 370	 val: 0x00172003
page_table_entry : 371	 val: 0x00173003
page_table_entry : 372	 val: 0x00174003
page_table_entry : 373	 val: 0x00175003
page_table_entry : 374	 val: 0x00176003
page_table_entry : 375	 val: 0x00177003
page_table_entry : 376	 val: 0x00178003
page_table_entry : 377	 val: 0x00179003
page_table_entry : 378	 val: 0x0017A003
page_table_entry : 379	 val: 0x0017B003
page_table_entry : 380	 val: 0x0017C003
page_table_entry : 381	 val: 0x0017D003
page_table_entry : 382	 val: 0x0017E003
page_table_entry : 383	 val: 0x0017F003
page_table_entry : 384	 val: 0x00180003
page_table_entry : 385	 val: 0x00181003
page_table_entry : 386	 val: 0x00182003
page_table_entry : 387	 val: 0x00183003
page_table_entry : 388	 val: 0x00184003
page_table_entry : 389	 val: 0x00185003
page_table_entry : 390	 val: 0x00186003
page_table_entry : 391	 val: 0x00187003
page_table_entry : 392	 val: 0x00188003
page_table_entry : 393	 val: 0x00189003
page_table_entry : 394	 val: 0x0018A003
page_table_entry : 395	 val: 0x0018B003
page_table_entry : 396	 val: 0x0018C003
page_table_entry : 397	 val: 0x0018D003
page_table_entry : 398	 val: 0x0018E003
page_table_entry : 399	 val: 0x0018F003
page_table_entry : 400	 val: 0x00190003
page_table_entry : 401	 val: 0x00191003
page_table_entry : 402	 val: 0x00192003
page_table_entry : 403	 val: 0x00193003
page_table_entry : 404	 val: 0x00194003
page_table_entry : 405	 val: 0x00195003
page_table_entry : 406	 val: 0x00196003
page_table_entry : 407	 val: 0x00197003
page_table_entry : 408	 val: 0x00198003
page_table_entry : 409	 val: 0x00199003
page_table_entry : 410	 val: 0x0019A003
page_table_entry : 411	 val: 0x0019B003
page_table_entry : 412	 val: 0x0019C003
page_table_entry : 413	 val: 0x0019D003
page_table_entry : 414	 val: 0x0019E003
page_table_entry : 415	 val: 0x0019F003
page_table_entry : 416	 val: 0x001A0003
page_table_entry : 417	 val: 0x001A1003
page_table_entry : 418	 val: 0x001A2003
page_table_entry : 419	 val: 0x001A3003
page_table_entry : 420	 val: 0x001A4003
page_table_entry : 421	 val: 0x001A5003
page_table_entry : 422	 val: 0x001A6003
page_table_entry : 423	 val: 0x001A7003
page_table_entry : 424	 val: 0x001A8003
page_table_entry : 425	 val: 0x001A9003
page_table_entry : 426	 val: 0x001AA003
page_table_entry : 427	 val: 0x001AB003
page_table_entry : 428	 val: 0x001AC003
page_table_entry : 429	 val: 0x001AD003
page_table_entry : 430	 val: 0x001AE003
page_table_entry : 431	 val: 0x001AF003
page_table_entry : 432	 val: 0x001B0003
page_table_entry : 433	 val: 0x001B1003
page_table_entry : 434	 val: 0x001B2003
page_table_entry : 435	 val: 0x001B3003
page_table_entry : 436	 val: 0x001B4003
page_table_entry : 437	 val: 0x001B5003
page_table_entry : 438	 val: 0x001B6003
page_table_entry : 439	 val: 0x001B7003
page_table_entry : 440	 val: 0x001B8003
page_table_entry : 441	 val: 0x001B9003
page_table_entry : 442	 val: 0x001BA003
page_table_entry : 443	 val: 0x001BB003
page_table_entry : 444	 val: 0x001BC003
page_table_entry : 445	 val: 0x001BD003
page_table_entry : 446	 val: 0x001BE003
page_table_entry : 447	 val: 0x001BF003
page_table_entry : 448	 val: 0x001C0003
page_table_entry : 449	 val: 0x001C1003
page_table_entry : 450	 val: 0x001C2003
page_table_entry : 451	 val: 0x001C3003
page_table_entry : 452	 val: 0x001C4003
page_table_entry : 453	 val: 0x001C5003
page_table_entry : 454	 val: 0x001C6003
page_table_entry : 455	 val: 0x001C7003
page_table_entry : 456	 val: 0x001C8003
page_table_entry : 457	 val: 0x001C9003
page_table_entry : 458	 val: 0x001CA003
page_table_entry : 459	 val: 0x001CB003
page_table_entry : 460	 val: 0x001CC003
page_table_entry : 461	 val: 0x001CD003
page_table_entry : 462	 val: 0x001CE003
page_table_entry : 463	 val: 0x001CF003
page_table_entry : 464	 val: 0x001D0003
page_table_entry : 465	 val: 0x001D1003
page_table_entry : 466	 val: 0x001D2003
page_table_entry : 467	 val: 0x001D3003
page_table_entry : 468	 val: 0x001D4003
page_table_entry : 469	 val: 0x001D5003
page_table_entry : 470	 val: 0x001D6003
page_table_entry : 471	 val: 0x001D7003
page_table_entry : 472	 val: 0x001D8003
page_table_entry : 473	 val: 0x001D9003
page_table_entry : 474	 val: 0x001DA003
page_table_entry : 475	 val: 0x001DB003
page_table_entry : 476	 val: 0x001DC003
page_table_entry : 477	 val: 0x001DD003
page_table_entry : 478	 val: 0x001DE003
page_table_entry : 479	 val: 0x001DF003
page_table_entry : 480	 val: 0x001E0003
page_table_entry : 481	 val: 0x001E1003
page_table_entry : 482	 val: 0x001E2003
page_table_entry : 483	 val: 0x001E3003
page_table_entry : 484	 val: 0x001E4003
page_table_entry : 485	 val: 0x001E5003
page_table_entry : 486	 val: 0x001E6003
page_table_entry : 487	 val: 0x001E7003
page_table_entry : 488	 val: 0x001E8003
page_table_entry : 489	 val: 0x001E9003
page_table_entry : 490	 val: 0x001EA003
page_table_entry : 491	 val: 0x001EB003
page_table_entry : 492	 val: 0x001EC003
page_table_entry : 493	 val: 0x001ED003
page_table_entry : 494	 val: 0x001EE003
page_table_entry : 495	 val: 0x001EF003
page_table_entry : 496	 val: 0x001F0003
page_table_entry : 497	 val: 0x001F1003
page_table_entry : 498	 val: 0x001F2003
page_table_entry : 499	 val: 0x001F3003
page_table_entry : 500	 val: 0x001F4003
page_table_entry : 501	 val: 0x001F5003
page_table_entry : 502	 val: 0x001F6003
page_table_entry : 503	 val: 0x001F7003
page_table_entry : 504	 val: 0x001F8003
page_table_entry : 505	 val: 0x001F9003
page_table_entry : 506	 val: 0x001FA003
page_table_entry : 507	 val: 0x001FB003
page_table_entry : 508	 val: 0x001FC003
page_table_entry : 509	 val: 0x001FD003
page_table_entry : 510	 val: 0x001FE003
page_table_entry : 511	 val: 0x001FF003
page_table_entry : 512	 val: 0x00200003
page_table_entry : 513	 val: 0x00201003
page_table_entry : 514	 val: 0x00202003
page_table_entry : 515	 val: 0x00203003
page_table_entry : 516	 val: 0x00204003
page_table_entry : 517	 val: 0x00205003
page_table_entry : 518	 val: 0x00206003
page_table_entry : 519	 val: 0x00207003
page_table_entry : 520	 val: 0x00208003
page_table_entry : 521	 val: 0x00209003
page_table_entry : 522	 val: 0x0020A003
page_table_entry : 523	 val: 0x0020B003
page_table_entry : 524	 val: 0x0020C003
page_table_entry : 525	 val: 0x0020D003
page_table_entry : 526	 val: 0x0020E003
page_table_entry : 527	 val: 0x0020F003
page_table_entry : 528	 val: 0x00210003
page_table_entry : 529	 val: 0x00211003
page_table_entry : 530	 val: 0x00212003
page_table_entry : 531	 val: 0x00213003
page_table_entry : 532	 val: 0x00214003
page_table_entry : 533	 val: 0x00215003
page_table_entry : 534	 val: 0x00216003
page_table_entry : 535	 val: 0x00217003
page_table_entry : 536	 val: 0x00218003
page_table_entry : 537	 val: 0x00219003
page_table_entry : 538	 val: 0x0021A003
page_table_entry : 539	 val: 0x0021B003
page_table_entry : 540	 val: 0x0021C003
page_table_entry : 541	 val: 0x0021D003
page_table_entry : 542	 val: 0x0021E003
page_table_entry : 543	 val: 0x0021F003
page_table_entry : 544	 val: 0x00220003
page_table_entry : 545	 val: 0x00221003
page_table_entry : 546	 val: 0x00222003
page_table_entry : 547	 val: 0x00223003
page_table_entry : 548	 val: 0x00224003
page_table_entry : 549	 val: 0x00225003
page_table_entry : 550	 val: 0x00226003
page_table_entry : 551	 val: 0x00227003
page_table_entry : 552	 val: 0x00228003
page_table_entry : 553	 val: 0x00229003
page_table_entry : 554	 val: 0x0022A003
page_table_entry : 555	 val: 0x0022B003
page_table_entry : 556	 val: 0x0022C003
page_table_entry : 557	 val: 0x0022D003
page_table_entry : 558	 val: 0x0022E003
page_table_entry : 559	 val: 0x0022F003
page_table_entry : 560	 val: 0x00230003
page_table_entry : 561	 val: 0x00231003
page_table_entry : 562	 val: 0x00232003
page_table_entry : 563	 val: 0x00233003
page_table_entry : 564	 val: 0x00234003
page_table_entry : 565	 val: 0x00235003
page_table_entry : 566	 val: 0x00236003
page_table_entry : 567	 val: 0x00237003
page_table_entry : 568	 val: 0x00238003
page_table_entry : 569	 val: 0x00239003
page_table_entry : 570	 val: 0x0023A003
page_table_entry : 571	 val: 0x0023B003
page_table_entry : 572	 val: 0x0023C003
page_table_entry : 573	 val: 0x0023D003
page_table_entry : 574	 val: 0x0023E003
page_table_entry : 575	 val: 0x0023F003
page_table_entry : 576	 val: 0x00240003
page_table_entry : 577	 val: 0x00241003
page_table_entry : 578	 val: 0x00242003
page_table_entry : 579	 val: 0x00243003
page_table_entry : 580	 val: 0x00244003
page_table_entry : 581	 val: 0x00245003
page_table_entry : 582	 val: 0x00246003
page_table_entry : 583	 val: 0x00247003
page_table_entry : 584	 val: 0x00248003
page_table_entry : 585	 val: 0x00249003
page_table_entry : 586	 val: 0x0024A003
page_table_entry : 587	 val: 0x0024B003
page_table_entry : 588	 val: 0x0024C003
page_table_entry : 589	 val: 0x0024D003
page_table_entry : 590	 val: 0x0024E003
page_table_entry : 591	 val: 0x0024F003
page_table_entry : 592	 val: 0x00250003
page_table_entry : 593	 val: 0x00251003
page_table_entry : 594	 val: 0x00252003
page_table_entry : 595	 val: 0x00253003
page_table_entry : 596	 val: 0x00254003
page_table_entry : 597	 val: 0x00255003
page_table_entry : 598	 val: 0x00256003
page_table_entry : 599	 val: 0x00257003
page_table_entry : 600	 val: 0x00258003
page_table_entry : 601	 val: 0x00259003
page_table_entry : 602	 val: 0x0025A003
page_table_entry : 603	 val: 0x0025B003
page_table_entry : 604	 val: 0x0025C003
page_table_entry : 605	 val: 0x0025D003
page_table_entry : 606	 val: 0x0025E003
page_table_entry : 607	 val: 0x0025F003
page_table_entry : 608	 val: 0x00260003
page_table_entry : 609	 val: 0x00261003
page_table_entry : 610	 val: 0x00262003
page_table_entry : 611	 val: 0x00263003
page_table_entry : 612	 val: 0x00264003
page_table_entry : 613	 val: 0x00265003
page_table_entry : 614	 val: 0x00266003
page_table_entry : 615	 val: 0x00267003
page_table_entry : 616	 val: 0x00268003
page_table_entry : 617	 val: 0x00269003
page_table_entry : 618	 val: 0x0026A003
page_table_entry : 619	 val: 0x0026B003
page_table_entry : 620	 val: 0x0026C003
page_table_entry : 621	 val: 0x0026D003
page_table_entry : 622	 val: 0x0026E003
page_table_entry : 623	 val: 0x0026F003
page_table_entry : 624	 val: 0x00270003
page_table_entry : 625	 val: 0x00271003
page_table_entry : 626	 val: 0x00272003
page_table_entry : 627	 val: 0x00273003
page_table_entry : 628	 val: 0x00274003
page_table_entry : 629	 val: 0x00275003
page_table_entry : 630	 val: 0x00276003
page_table_entry : 631	 val: 0x00277003
page_table_entry : 632	 val: 0x00278003
page_table_entry : 633	 val: 0x00279003
page_table_entry : 634	 val: 0x0027A003
page_table_entry : 635	 val: 0x0027B003
page_table_entry : 636	 val: 0x0027C003
page_table_entry : 637	 val: 0x0027D003
page_table_entry : 638	 val: 0x0027E003
page_table_entry : 639	 val: 0x0027F003
page_table_entry : 640	 val: 0x00280003
page_table_entry : 641	 val: 0x00281003
page_table_entry : 642	 val: 0x00282003
page_table_entry : 643	 val: 0x00283003
page_table_entry : 644	 val: 0x00284003
page_table_entry : 645	 val: 0x00285003
page_table_entry : 646	 val: 0x00286003
page_table_entry : 647	 val: 0x00287003
page_table_entry : 648	 val: 0x00288003
page_table_entry : 649	 val: 0x00289003
page_table_entry : 650	 val: 0x0028A003
page_table_entry : 651	 val: 0x0028B003
page_table_entry : 652	 val: 0x0028C003
page_table_entry : 653	 val: 0x0028D003
page_table_entry : 654	 val: 0x0028E003
page_table_entry : 655	 val: 0x0028F003
page_table_entry : 656	 val: 0x00290003
page_table_entry : 657	 val: 0x00291003
page_table_entry : 658	 val: 0x00292003
page_table_entry : 659	 val: 0x00293003
page_table_entry : 660	 val: 0x00294003
page_table_entry : 661	 val: 0x00295003
page_table_entry : 662	 val: 0x00296003
page_table_entry : 663	 val: 0x00297003
page_table_entry : 664	 val: 0x00298003
page_table_entry : 665	 val: 0x00299003
page_table_entry : 666	 val: 0x0029A003
page_table_entry : 667	 val: 0x0029B003
page_table_entry : 668	 val: 0x0029C003
page_table_entry : 669	 val: 0x0029D003
page_table_entry : 670	 val: 0x0029E003
page_table_entry : 671	 val: 0x0029F003
page_table_entry : 672	 val: 0x002A0003
page_table_entry : 673	 val: 0x002A1003
page_table_entry : 674	 val: 0x002A2003
page_table_entry : 675	 val: 0x002A3003
page_table_entry : 676	 val: 0x002A4003
page_table_entry : 677	 val: 0x002A5003
page_table_entry : 678	 val: 0x002A6003
page_table_entry : 679	 val: 0x002A7003
page_table_entry : 680	 val: 0x002A8003
page_table_entry : 681	 val: 0x002A9003
page_table_entry : 682	 val: 0x002AA003
page_table_entry : 683	 val: 0x002AB003
page_table_entry : 684	 val: 0x002AC003
page_table_entry : 685	 val: 0x002AD003
page_table_entry : 686	 val: 0x002AE003
page_table_entry : 687	 val: 0x002AF003
page_table_entry : 688	 val: 0x002B0003
page_table_entry : 689	 val: 0x002B1003
page_table_entry : 690	 val: 0x002B2003
page_table_entry : 691	 val: 0x002B3003
page_table_entry : 692	 val: 0x002B4003
page_table_entry : 693	 val: 0x002B5003
page_table_entry : 694	 val: 0x002B6003
page_table_entry : 695	 val: 0x002B7003
page_table_entry : 696	 val: 0x002B8003
page_table_entry : 697	 val: 0x002B9003
page_table_entry : 698	 val: 0x002BA003
page_table_entry : 699	 val: 0x002BB003
page_table_entry : 700	 val: 0x002BC003
page_table_entry : 701	 val: 0x002BD003
page_table_entry : 702	 val: 0x002BE003
page_table_entry : 703	 val: 0x002BF003
page_table_entry : 704	 val: 0x002C0003
page_table_entry : 705	 val: 0x002C1003
page_table_entry : 706	 val: 0x002C2003
page_table_entry : 707	 val: 0x002C3003
page_table_entry : 708	 val: 0x002C4003
page_table_entry : 709	 val: 0x002C5003
page_table_entry : 710	 val: 0x002C6003
page_table_entry : 711	 val: 0x002C7003
page_table_entry : 712	 val: 0x002C8003
page_table_entry : 713	 val: 0x002C9003
page_table_entry : 714	 val: 0x002CA003
page_table_entry : 715	 val: 0x002CB003
page_table_entry : 716	 val: 0x002CC003
page_table_entry : 717	 val: 0x002CD003
page_table_entry : 718	 val: 0x002CE003
page_table_entry : 719	 val: 0x002CF003
page_table_entry : 720	 val: 0x002D0003
page_table_entry : 721	 val: 0x002D1003
page_table_entry : 722	 val: 0x002D2003
page_table_entry : 723	 val: 0x002D3003
page_table_entry : 724	 val: 0x002D4003
page_table_entry : 725	 val: 0x002D5003
page_table_entry : 726	 val: 0x002D6003
page_table_entry : 727	 val: 0x002D7003
page_table_entry : 728	 val: 0x002D8003
page_table_entry : 729	 val: 0x002D9003
page_table_entry : 730	 val: 0x002DA003
page_table_entry : 731	 val: 0x002DB003
page_table_entry : 732	 val: 0x002DC003
page_table_entry : 733	 val: 0x002DD003
page_table_entry : 734	 val: 0x002DE003
page_table_entry : 735	 val: 0x002DF003
page_table_entry : 736	 val: 0x002E0003
page_table_entry : 737	 val: 0x002E1003
page_table_entry : 738	 val: 0x002E2003
page_table_entry : 739	 val: 0x002E3003
page_table_entry : 740	 val: 0x002E4003
page_table_entry : 741	 val: 0x002E5003
page_table_entry : 742	 val: 0x002E6003
page_table_entry : 743	 val: 0x002E7003
page_table_entry : 744	 val: 0x002E8003
page_table_entry : 745	 val: 0x002E9003
page_table_entry : 746	 val: 0x002EA003
page_table_entry : 747	 val: 0x002EB003
page_table_entry : 748	 val: 0x002EC003
page_table_entry : 749	 val: 0x002ED003
page_table_entry : 750	 val: 0x002EE003
page_table_entry : 751	 val: 0x002EF003
page_table_entry : 752	 val: 0x002F0003
page_table_entry : 753	 val: 0x002F1003
page_table_entry : 754	 val: 0x002F2003
page_table_entry : 755	 val: 0x002F3003
page_table_entry : 756	 val: 0x002F4003
page_table_entry : 757	 val: 0x002F5003
page_table_entry : 758	 val: 0x002F6003
page_table_entry : 759	 val: 0x002F7003
page_table_entry : 760	 val: 0x002F8003
page_table_entry : 761	 val: 0x002F9003
page_table_entry : 762	 val: 0x002FA003
page_table_entry : 763	 val: 0x002FB003
page_table_entry : 764	 val: 0x002FC003
page_table_entry : 765	 val: 0x002FD003
page_table_entry : 766	 val: 0x002FE003
page_table_entry : 767	 val: 0x002FF003
page_table_entry : 768	 val: 0x00300003
page_table_entry : 769	 val: 0x00301003
page_table_entry : 770	 val: 0x00302003
page_table_entry : 771	 val: 0x00303003
page_table_entry : 772	 val: 0x00304003
page_table_entry : 773	 val: 0x00305003
page_table_entry : 774	 val: 0x00306003
page_table_entry : 775	 val: 0x00307003
page_table_entry : 776	 val: 0x00308003
page_table_entry : 777	 val: 0x00309003
page_table_entry : 778	 val: 0x0030A003
page_table_entry : 779	 val: 0x0030B003
page_table_entry : 780	 val: 0x0030C003
page_table_entry : 781	 val: 0x0030D003
page_table_entry : 782	 val: 0x0030E003
page_table_entry : 783	 val: 0x0030F003
page_table_entry : 784	 val: 0x00310003
page_table_entry : 785	 val: 0x00311003
page_table_entry : 786	 val: 0x00312003
page_table_entry : 787	 val: 0x00313003
page_table_entry : 788	 val: 0x00314003
page_table_entry : 789	 val: 0x00315003
page_table_entry : 790	 val: 0x00316003
page_table_entry : 791	 val: 0x00317003
page_table_entry : 792	 val: 0x00318003
page_table_entry : 793	 val: 0x00319003
page_table_entry : 794	 val: 0x0031A003
page_table_entry : 795	 val: 0x0031B003
page_table_entry : 796	 val: 0x0031C003
page_table_entry : 797	 val: 0x0031D003
page_table_entry : 798	 val: 0x0031E003
page_table_entry : 799	 val: 0x0031F003
page_table_entry : 800	 val: 0x00320003
page_table_entry : 801	 val: 0x00321003
page_table_entry : 802	 val: 0x00322003
page_table_entry : 803	 val: 0x00323003
page_table_entry : 804	 val: 0x00324003
page_table_entry : 805	 val: 0x00325003
page_table_entry : 806	 val: 0x00326003
page_table_entry : 807	 val: 0x00327003
page_table_entry : 808	 val: 0x00328003
page_table_entry : 809	 val: 0x00329003
page_table_entry : 810	 val: 0x0032A003
page_table_entry : 811	 val: 0x0032B003
page_table_entry : 812	 val: 0x0032C003
page_table_entry : 813	 val: 0x0032D003
page_table_entry : 814	 val: 0x0032E003
page_table_entry : 815	 val: 0x0032F003
page_table_entry : 816	 val: 0x00330003
page_table_entry : 817	 val: 0x00331003
page_table_entry : 818	 val: 0x00332003
page_table_entry : 819	 val: 0x00333003
page_table_entry : 820	 val: 0x00334003
page_table_entry : 821	 val: 0x00335003
page_table_entry : 822	 val: 0x00336003
page_table_entry : 823	 val: 0x00337003
page_table_entry : 824	 val: 0x00338003
page_table_entry : 825	 val: 0x00339003
page_table_entry : 826	 val: 0x0033A003
page_table_entry : 827	 val: 0x0033B003
page_table_entry : 828	 val: 0x0033C003
page_table_entry : 829	 val: 0x0033D003
page_table_entry : 830	 val: 0x0033E003
page_table_entry : 831	 val: 0x0033F003
page_table_entry : 832	 val: 0x00340003
page_table_entry : 833	 val: 0x00341003
page_table_entry : 834	 val: 0x00342003
page_table_entry : 835	 val: 0x00343003
page_table_entry : 836	 val: 0x00344003
page_table_entry : 837	 val: 0x00345003
page_table_entry : 838	 val: 0x00346003
page_table_entry : 839	 val: 0x00347003
page_table_entry : 840	 val: 0x00348003
page_table_entry : 841	 val: 0x00349003
page_table_entry : 842	 val: 0x0034A003
page_table_entry : 843	 val: 0x0034B003
page_table_entry : 844	 val: 0x0034C003
page_table_entry : 845	 val: 0x0034D003
page_table_entry : 846	 val: 0x0034E003
page_table_entry : 847	 val: 0x0034F003
page_table_entry : 848	 val: 0x00350003
page_table_entry : 849	 val: 0x00351003
page_table_entry : 850	 val: 0x00352003
page_table_entry : 851	 val: 0x00353003
page_table_entry : 852	 val: 0x00354003
page_table_entry : 853	 val: 0x00355003
page_table_entry : 854	 val: 0x00356003
page_table_entry : 855	 val: 0x00357003
page_table_entry : 856	 val: 0x00358003
page_table_entry : 857	 val: 0x00359003
page_table_entry : 858	 val: 0x0035A003
page_table_entry : 859	 val: 0x0035B003
page_table_entry : 860	 val: 0x0035C003
page_table_entry : 861	 val: 0x0035D003
page_table_entry : 862	 val: 0x0035E003
page_table_entry : 863	 val: 0x0035F003
page_table_entry : 864	 val: 0x00360003
page_table_entry : 865	 val: 0x00361003
page_table_entry : 866	 val: 0x00362003
page_table_entry : 867	 val: 0x00363003
page_table_entry : 868	 val: 0x00364003
page_table_entry : 869	 val: 0x00365003
page_table_entry : 870	 val: 0x00366003
page_table_entry : 871	 val: 0x00367003
page_table_entry : 872	 val: 0x00368003
page_table_entry : 873	 val: 0x00369003
page_table_entry : 874	 val: 0x0036A003
page_table_entry : 875	 val: 0x0036B003
page_table_entry : 876	 val: 0x0036C003
page_table_entry : 877	 val: 0x0036D003
page_table_entry : 878	 val: 0x0036E003
page_table_entry : 879	 val: 0x0036F003
page_table_entry : 880	 val: 0x00370003
page_table_entry : 881	 val: 0x00371003
page_table_entry : 882	 val: 0x00372003
page_table_entry : 883	 val: 0x00373003
page_table_entry : 884	 val: 0x00374003
page_table_entry : 885	 val: 0x00375003
page_table_entry : 886	 val: 0x00376003
page_table_entry : 887	 val: 0x00377003
page_table_entry : 888	 val: 0x00378003
page_table_entry : 889	 val: 0x00379003
page_table_entry : 890	 val: 0x0037A003
page_table_entry : 891	 val: 0x0037B003
page_table_entry : 892	 val: 0x0037C003
page_table_entry : 893	 val: 0x0037D003
page_table_entry : 894	 val: 0x0037E003
page_table_entry : 895	 val: 0x0037F003
page_table_entry : 896	 val: 0x00380003
page_table_entry : 897	 val: 0x00381003
page_table_entry : 898	 val: 0x00382003
page_table_entry : 899	 val: 0x00383003
page_table_entry : 900	 val: 0x00384003
page_table_entry : 901	 val: 0x00385003
page_table_entry : 902	 val: 0x00386003
page_table_entry : 903	 val: 0x00387003
page_table_entry : 904	 val: 0x00388003
page_table_entry : 905	 val: 0x00389003
page_table_entry : 906	 val: 0x0038A003
page_table_entry : 907	 val: 0x0038B003
page_table_entry : 908	 val: 0x0038C003
page_table_entry : 909	 val: 0x0038D003
page_table_entry : 910	 val: 0x0038E003
page_table_entry : 911	 val: 0x0038F003
page_table_entry : 912	 val: 0x00390003
page_table_entry : 913	 val: 0x00391003
page_table_entry : 914	 val: 0x00392003
page_table_entry : 915	 val: 0x00393003
page_table_entry : 916	 val: 0x00394003
page_table_entry : 917	 val: 0x00395003
page_table_entry : 918	 val: 0x00396003
page_table_entry : 919	 val: 0x00397003
page_table_entry : 920	 val: 0x00398003
page_table_entry : 921	 val: 0x00399003
page_table_entry : 922	 val: 0x0039A003
page_table_entry : 923	 val: 0x0039B003
page_table_entry : 924	 val: 0x0039C003
page_table_entry : 925	 val: 0x0039D003
page_table_entry : 926	 val: 0x0039E003
page_table_entry : 927	 val: 0x0039F003
page_table_entry : 928	 val: 0x003A0003
page_table_entry : 929	 val: 0x003A1003
page_table_entry : 930	 val: 0x003A2003
page_table_entry : 931	 val: 0x003A3003
page_table_entry : 932	 val: 0x003A4003
page_table_entry : 933	 val: 0x003A5003
page_table_entry : 934	 val: 0x003A6003
page_table_entry : 935	 val: 0x003A7003
page_table_entry : 936	 val: 0x003A8003
page_table_entry : 937	 val: 0x003A9003
page_table_entry : 938	 val: 0x003AA003
page_table_entry : 939	 val: 0x003AB003
page_table_entry : 940	 val: 0x003AC003
page_table_entry : 941	 val: 0x003AD003
page_table_entry : 942	 val: 0x003AE003
page_table_entry : 943	 val: 0x003AF003
page_table_entry : 944	 val: 0x003B0003
page_table_entry : 945	 val: 0x003B1003
page_table_entry : 946	 val: 0x003B2003
page_table_entry : 947	 val: 0x003B3003
page_table_entry : 948	 val: 0x003B4003
page_table_entry : 949	 val: 0x003B5003
page_table_entry : 950	 val: 0x003B6003
page_table_entry : 951	 val: 0x003B7003
page_table_entry : 952	 val: 0x003B8003
page_table_entry : 953	 val: 0x003B9003
page_table_entry : 954	 val: 0x003BA003
page_table_entry : 955	 val: 0x003BB003
page_table_entry : 956	 val: 0x003BC003
page_table_entry : 957	 val: 0x003BD003
page_table_entry : 958	 val: 0x003BE003
page_table_entry : 959	 val: 0x003BF003
page_table_entry : 960	 val: 0x003C0003
page_table_entry : 961	 val: 0x003C1003
page_table_entry : 962	 val: 0x003C2003
page_table_entry : 963	 val: 0x003C3003
page_table_entry : 964	 val: 0x003C4003
page_table_entry : 965	 val: 0x003C5003
page_table_entry : 966	 val: 0x003C6003
page_table_entry : 967	 val: 0x003C7003
page_table_entry : 968	 val: 0x003C8003
page_table_entry : 969	 val: 0x003C9003
page_table_entry : 970	 val: 0x003CA003
page_table_entry : 971	 val: 0x003CB003
page_table_entry : 972	 val: 0x003CC003
page_table_entry : 973	 val: 0x003CD003
page_table_entry : 974	 val: 0x003CE003
page_table_entry : 975	 val: 0x003CF003
page_table_entry : 976	 val: 0x003D0003
page_table_entry : 977	 val: 0x003D1003
page_table_entry : 978	 val: 0x003D2003
page_table_entry : 979	 val: 0x003D3003
page_table_entry : 980	 val: 0x003D4003
page_table_entry : 981	 val: 0x003D5003
page_table_entry : 982	 val: 0x003D6003
page_table_entry : 983	 val: 0x003D7003
page_table_entry : 984	 val: 0x003D8003
page_table_entry : 985	 val: 0x003D9003
page_table_entry : 986	 val: 0x003DA003
page_table_entry : 987	 val: 0x003DB003
page_table_entry : 988	 val: 0x003DC003
page_table_entry : 989	 val: 0x003DD003
page_table_entry : 990	 val: 0x003DE003
page_table_entry : 991	 val: 0x003DF003
page_table_entry : 992	 val: 0x003E0003
page_table_entry : 993	 val: 0x003E1003
page_table_entry : 994	 val: 0x003E2003
page_table_entry : 995	 val: 0x003E3003
page_table_entry : 996	 val: 0x003E4003
page_table_entry : 997	 val: 0x003E5003
page_table_entry : 998	 val: 0x003E6003
page_table_entry : 999	 val: 0x003E7003
page_table_entry : 1000	 val: 0x003E8003
page_table_entry : 1001	 val: 0x003E9003
page_table_entry : 1002	 val: 0x003EA003
page_table_entry : 1003	 val: 0x003EB003
page_table_entry : 1004	 val: 0x003EC003
page_table_entry : 1005	 val: 0x003ED003
page_table_entry : 1006	 val: 0x003EE003
page_table_entry : 1007	 val: 0x003EF003
page_table_entry : 1008	 val: 0x003F0003
page_table_entry : 1009	 val: 0x003F1003
page_table_entry : 1010	 val: 0x003F2003
page_table_entry : 1011	 val: 0x003F3003
page_table_entry : 1012	 val: 0x003F4003
page_table_entry : 1013	 val: 0x003F5003
page_table_entry : 1014	 val: 0x003F6003
page_table_entry : 1015	 val: 0x003F7003
page_table_entry : 1016	 val: 0x003F8003
page_table_entry : 1017	 val: 0x003F9003
page_table_entry : 1018	 val: 0x003FA003
page_table_entry : 1019	 val: 0x003FB003
page_table_entry : 1020	 val: 0x003FC003
page_table_entry : 1021	 val: 0x003FD003
page_table_entry : 1022	 val: 0x003FE003
page_table_entry : 1023	 val: 0x003FF003
pg_dir entry : 1
page_table address : 0x00001000
page_table_entry : 0	 val: 0x00400003
page_table_entry : 1	 val: 0x00401003
page_table_entry : 2	 val: 0x00402003
page_table_entry : 3	 val: 0x00403003
page_table_entry : 4	 val: 0x00404003
page_table_entry : 5	 val: 0x00405003
page_table_entry : 6	 val: 0x00406003
page_table_entry : 7	 val: 0x00407003
page_table_entry : 8	 val: 0x00408003
page_table_entry : 9	 val: 0x00409003
page_table_entry : 10	 val: 0x0040A003
page_table_entry : 11	 val: 0x0040B003
page_table_entry : 12	 val: 0x0040C003
page_table_entry : 13	 val: 0x0040D003
page_table_entry : 14	 val: 0x0040E003
page_table_entry : 15	 val: 0x0040F003
page_table_entry : 16	 val: 0x00410003
page_table_entry : 17	 val: 0x00411003
page_table_entry : 18	 val: 0x00412003
page_table_entry : 19	 val: 0x00413003
page_table_entry : 20	 val: 0x00414003
page_table_entry : 21	 val: 0x00415003
page_table_entry : 22	 val: 0x00416003
page_table_entry : 23	 val: 0x00417003
page_table_entry : 24	 val: 0x00418003
page_table_entry : 25	 val: 0x00419003
page_table_entry : 26	 val: 0x0041A003
page_table_entry : 27	 val: 0x0041B003
page_table_entry : 28	 val: 0x0041C003
page_table_entry : 29	 val: 0x0041D003
page_table_entry : 30	 val: 0x0041E003
page_table_entry : 31	 val: 0x0041F003
page_table_entry : 32	 val: 0x00420003
page_table_entry : 33	 val: 0x00421003
page_table_entry : 34	 val: 0x00422003
page_table_entry : 35	 val: 0x00423003
page_table_entry : 36	 val: 0x00424003
page_table_entry : 37	 val: 0x00425003
page_table_entry : 38	 val: 0x00426003
page_table_entry : 39	 val: 0x00427003
page_table_entry : 40	 val: 0x00428003
page_table_entry : 41	 val: 0x00429003
page_table_entry : 42	 val: 0x0042A003
page_table_entry : 43	 val: 0x0042B003
page_table_entry : 44	 val: 0x0042C003
page_table_entry : 45	 val: 0x0042D003
page_table_entry : 46	 val: 0x0042E003
page_table_entry : 47	 val: 0x0042F003
page_table_entry : 48	 val: 0x00430003
page_table_entry : 49	 val: 0x00431003
page_table_entry : 50	 val: 0x00432003
page_table_entry : 51	 val: 0x00433003
page_table_entry : 52	 val: 0x00434003
page_table_entry : 53	 val: 0x00435003
page_table_entry : 54	 val: 0x00436003
page_table_entry : 55	 val: 0x00437003
page_table_entry : 56	 val: 0x00438003
page_table_entry : 57	 val: 0x00439003
page_table_entry : 58	 val: 0x0043A003
page_table_entry : 59	 val: 0x0043B003
page_table_entry : 60	 val: 0x0043C003
page_table_entry : 61	 val: 0x0043D003
page_table_entry : 62	 val: 0x0043E003
page_table_entry : 63	 val: 0x0043F003
page_table_entry : 64	 val: 0x00440003
page_table_entry : 65	 val: 0x00441003
page_table_entry : 66	 val: 0x00442003
page_table_entry : 67	 val: 0x00443003
page_table_entry : 68	 val: 0x00444003
page_table_entry : 69	 val: 0x00445003
page_table_entry : 70	 val: 0x00446003
page_table_entry : 71	 val: 0x00447003
page_table_entry : 72	 val: 0x00448003
page_table_entry : 73	 val: 0x00449003
page_table_entry : 74	 val: 0x0044A003
page_table_entry : 75	 val: 0x0044B003
page_table_entry : 76	 val: 0x0044C003
page_table_entry : 77	 val: 0x0044D003
page_table_entry : 78	 val: 0x0044E003
page_table_entry : 79	 val: 0x0044F003
page_table_entry : 80	 val: 0x00450003
page_table_entry : 81	 val: 0x00451003
page_table_entry : 82	 val: 0x00452003
page_table_entry : 83	 val: 0x00453003
page_table_entry : 84	 val: 0x00454003
page_table_entry : 85	 val: 0x00455003
page_table_entry : 86	 val: 0x00456003
page_table_entry : 87	 val: 0x00457003
page_table_entry : 88	 val: 0x00458003
page_table_entry : 89	 val: 0x00459003
page_table_entry : 90	 val: 0x0045A003
page_table_entry : 91	 val: 0x0045B003
page_table_entry : 92	 val: 0x0045C003
page_table_entry : 93	 val: 0x0045D003
page_table_entry : 94	 val: 0x0045E003
page_table_entry : 95	 val: 0x0045F003
page_table_entry : 96	 val: 0x00460003
page_table_entry : 97	 val: 0x00461003
page_table_entry : 98	 val: 0x00462003
page_table_entry : 99	 val: 0x00463003
page_table_entry : 100	 val: 0x00464003
page_table_entry : 101	 val: 0x00465003
page_table_entry : 102	 val: 0x00466003
page_table_entry : 103	 val: 0x00467003
page_table_entry : 104	 val: 0x00468003
page_table_entry : 105	 val: 0x00469003
page_table_entry : 106	 val: 0x0046A003
page_table_entry : 107	 val: 0x0046B003
page_table_entry : 108	 val: 0x0046C003
page_table_entry : 109	 val: 0x0046D003
page_table_entry : 110	 val: 0x0046E003
page_table_entry : 111	 val: 0x0046F003
page_table_entry : 112	 val: 0x00470003
page_table_entry : 113	 val: 0x00471003
page_table_entry : 114	 val: 0x00472003
page_table_entry : 115	 val: 0x00473003
page_table_entry : 116	 val: 0x00474003
page_table_entry : 117	 val: 0x00475003
page_table_entry : 118	 val: 0x00476003
page_table_entry : 119	 val: 0x00477003
page_table_entry : 120	 val: 0x00478003
page_table_entry : 121	 val: 0x00479003
page_table_entry : 122	 val: 0x0047A003
page_table_entry : 123	 val: 0x0047B003
page_table_entry : 124	 val: 0x0047C003
page_table_entry : 125	 val: 0x0047D003
page_table_entry : 126	 val: 0x0047E003
page_table_entry : 127	 val: 0x0047F003
page_table_entry : 128	 val: 0x00480003
page_table_entry : 129	 val: 0x00481003
page_table_entry : 130	 val: 0x00482003
page_table_entry : 131	 val: 0x00483003
page_table_entry : 132	 val: 0x00484003
page_table_entry : 133	 val: 0x00485003
page_table_entry : 134	 val: 0x00486003
page_table_entry : 135	 val: 0x00487003
page_table_entry : 136	 val: 0x00488003
page_table_entry : 137	 val: 0x00489003
page_table_entry : 138	 val: 0x0048A003
page_table_entry : 139	 val: 0x0048B003
page_table_entry : 140	 val: 0x0048C003
page_table_entry : 141	 val: 0x0048D003
page_table_entry : 142	 val: 0x0048E003
page_table_entry : 143	 val: 0x0048F003
page_table_entry : 144	 val: 0x00490003
page_table_entry : 145	 val: 0x00491003
page_table_entry : 146	 val: 0x00492003
page_table_entry : 147	 val: 0x00493003
page_table_entry : 148	 val: 0x00494003
page_table_entry : 149	 val: 0x00495003
page_table_entry : 150	 val: 0x00496003
page_table_entry : 151	 val: 0x00497003
page_table_entry : 152	 val: 0x00498003
page_table_entry : 153	 val: 0x00499003
page_table_entry : 154	 val: 0x0049A003
page_table_entry : 155	 val: 0x0049B003
page_table_entry : 156	 val: 0x0049C003
page_table_entry : 157	 val: 0x0049D003
page_table_entry : 158	 val: 0x0049E003
page_table_entry : 159	 val: 0x0049F003
page_table_entry : 160	 val: 0x004A0003
page_table_entry : 161	 val: 0x004A1003
page_table_entry : 162	 val: 0x004A2003
page_table_entry : 163	 val: 0x004A3003
page_table_entry : 164	 val: 0x004A4003
page_table_entry : 165	 val: 0x004A5003
page_table_entry : 166	 val: 0x004A6003
page_table_entry : 167	 val: 0x004A7003
page_table_entry : 168	 val: 0x004A8003
page_table_entry : 169	 val: 0x004A9003
page_table_entry : 170	 val: 0x004AA003
page_table_entry : 171	 val: 0x004AB003
page_table_entry : 172	 val: 0x004AC003
page_table_entry : 173	 val: 0x004AD003
page_table_entry : 174	 val: 0x004AE003
page_table_entry : 175	 val: 0x004AF003
page_table_entry : 176	 val: 0x004B0003
page_table_entry : 177	 val: 0x004B1003
page_table_entry : 178	 val: 0x004B2003
page_table_entry : 179	 val: 0x004B3003
page_table_entry : 180	 val: 0x004B4003
page_table_entry : 181	 val: 0x004B5003
page_table_entry : 182	 val: 0x004B6003
page_table_entry : 183	 val: 0x004B7003
page_table_entry : 184	 val: 0x004B8003
page_table_entry : 185	 val: 0x004B9003
page_table_entry : 186	 val: 0x004BA003
page_table_entry : 187	 val: 0x004BB003
page_table_entry : 188	 val: 0x004BC003
page_table_entry : 189	 val: 0x004BD003
page_table_entry : 190	 val: 0x004BE003
page_table_entry : 191	 val: 0x004BF003
page_table_entry : 192	 val: 0x004C0003
page_table_entry : 193	 val: 0x004C1003
page_table_entry : 194	 val: 0x004C2003
page_table_entry : 195	 val: 0x004C3003
page_table_entry : 196	 val: 0x004C4003
page_table_entry : 197	 val: 0x004C5003
page_table_entry : 198	 val: 0x004C6003
page_table_entry : 199	 val: 0x004C7003
page_table_entry : 200	 val: 0x004C8003
page_table_entry : 201	 val: 0x004C9003
page_table_entry : 202	 val: 0x004CA003
page_table_entry : 203	 val: 0x004CB003
page_table_entry : 204	 val: 0x004CC003
page_table_entry : 205	 val: 0x004CD003
page_table_entry : 206	 val: 0x004CE003
page_table_entry : 207	 val: 0x004CF003
page_table_entry : 208	 val: 0x004D0003
page_table_entry : 209	 val: 0x004D1003
page_table_entry : 210	 val: 0x004D2003
page_table_entry : 211	 val: 0x004D3003
page_table_entry : 212	 val: 0x004D4003
page_table_entry : 213	 val: 0x004D5003
page_table_entry : 214	 val: 0x004D6003
page_table_entry : 215	 val: 0x004D7003
page_table_entry : 216	 val: 0x004D8003
page_table_entry : 217	 val: 0x004D9003
page_table_entry : 218	 val: 0x004DA003
page_table_entry : 219	 val: 0x004DB003
page_table_entry : 220	 val: 0x004DC003
page_table_entry : 221	 val: 0x004DD003
page_table_entry : 222	 val: 0x004DE003
page_table_entry : 223	 val: 0x004DF003
page_table_entry : 224	 val: 0x004E0003
page_table_entry : 225	 val: 0x004E1003
page_table_entry : 226	 val: 0x004E2003
page_table_entry : 227	 val: 0x004E3003
page_table_entry : 228	 val: 0x004E4003
page_table_entry : 229	 val: 0x004E5003
page_table_entry : 230	 val: 0x004E6003
page_table_entry : 231	 val: 0x004E7003
page_table_entry : 232	 val: 0x004E8003
page_table_entry : 233	 val: 0x004E9003
page_table_entry : 234	 val: 0x004EA003
page_table_entry : 235	 val: 0x004EB003
page_table_entry : 236	 val: 0x004EC003
page_table_entry : 237	 val: 0x004ED003
page_table_entry : 238	 val: 0x004EE003
page_table_entry : 239	 val: 0x004EF003
page_table_entry : 240	 val: 0x004F0003
page_table_entry : 241	 val: 0x004F1003
page_table_entry : 242	 val: 0x004F2003
page_table_entry : 243	 val: 0x004F3003
page_table_entry : 244	 val: 0x004F4003
page_table_entry : 245	 val: 0x004F5003
page_table_entry : 246	 val: 0x004F6003
page_table_entry : 247	 val: 0x004F7003
page_table_entry : 248	 val: 0x004F8003
page_table_entry : 249	 val: 0x004F9003
page_table_entry : 250	 val: 0x004FA003
page_table_entry : 251	 val: 0x004FB003
page_table_entry : 252	 val: 0x004FC003
page_table_entry : 253	 val: 0x004FD003
page_table_entry : 254	 val: 0x004FE003
page_table_entry : 255	 val: 0x004FF003
page_table_entry : 256	 val: 0x00500003
page_table_entry : 257	 val: 0x00501003
page_table_entry : 258	 val: 0x00502003
page_table_entry : 259	 val: 0x00503003
page_table_entry : 260	 val: 0x00504003
page_table_entry : 261	 val: 0x00505003
page_table_entry : 262	 val: 0x00506003
page_table_entry : 263	 val: 0x00507003
page_table_entry : 264	 val: 0x00508003
page_table_entry : 265	 val: 0x00509003
page_table_entry : 266	 val: 0x0050A003
page_table_entry : 267	 val: 0x0050B003
page_table_entry : 268	 val: 0x0050C003
page_table_entry : 269	 val: 0x0050D003
page_table_entry : 270	 val: 0x0050E003
page_table_entry : 271	 val: 0x0050F003
page_table_entry : 272	 val: 0x00510003
page_table_entry : 273	 val: 0x00511003
page_table_entry : 274	 val: 0x00512003
page_table_entry : 275	 val: 0x00513003
page_table_entry : 276	 val: 0x00514003
page_table_entry : 277	 val: 0x00515003
page_table_entry : 278	 val: 0x00516003
page_table_entry : 279	 val: 0x00517003
page_table_entry : 280	 val: 0x00518003
page_table_entry : 281	 val: 0x00519003
page_table_entry : 282	 val: 0x0051A003
page_table_entry : 283	 val: 0x0051B003
page_table_entry : 284	 val: 0x0051C003
page_table_entry : 285	 val: 0x0051D003
page_table_entry : 286	 val: 0x0051E003
page_table_entry : 287	 val: 0x0051F003
page_table_entry : 288	 val: 0x00520003
page_table_entry : 289	 val: 0x00521003
page_table_entry : 290	 val: 0x00522003
page_table_entry : 291	 val: 0x00523003
page_table_entry : 292	 val: 0x00524003
page_table_entry : 293	 val: 0x00525003
page_table_entry : 294	 val: 0x00526003
page_table_entry : 295	 val: 0x00527003
page_table_entry : 296	 val: 0x00528003
page_table_entry : 297	 val: 0x00529003
page_table_entry : 298	 val: 0x0052A003
page_table_entry : 299	 val: 0x0052B003
page_table_entry : 300	 val: 0x0052C003
page_table_entry : 301	 val: 0x0052D003
page_table_entry : 302	 val: 0x0052E003
page_table_entry : 303	 val: 0x0052F003
page_table_entry : 304	 val: 0x00530003
page_table_entry : 305	 val: 0x00531003
page_table_entry : 306	 val: 0x00532003
page_table_entry : 307	 val: 0x00533003
page_table_entry : 308	 val: 0x00534003
page_table_entry : 309	 val: 0x00535003
page_table_entry : 310	 val: 0x00536003
page_table_entry : 311	 val: 0x00537003
page_table_entry : 312	 val: 0x00538003
page_table_entry : 313	 val: 0x00539003
page_table_entry : 314	 val: 0x0053A003
page_table_entry : 315	 val: 0x0053B003
page_table_entry : 316	 val: 0x0053C003
page_table_entry : 317	 val: 0x0053D003
page_table_entry : 318	 val: 0x0053E003
page_table_entry : 319	 val: 0x0053F003
page_table_entry : 320	 val: 0x00540003
page_table_entry : 321	 val: 0x00541003
page_table_entry : 322	 val: 0x00542003
page_table_entry : 323	 val: 0x00543003
page_table_entry : 324	 val: 0x00544003
page_table_entry : 325	 val: 0x00545003
page_table_entry : 326	 val: 0x00546003
page_table_entry : 327	 val: 0x00547003
page_table_entry : 328	 val: 0x00548003
page_table_entry : 329	 val: 0x00549003
page_table_entry : 330	 val: 0x0054A003
page_table_entry : 331	 val: 0x0054B003
page_table_entry : 332	 val: 0x0054C003
page_table_entry : 333	 val: 0x0054D003
page_table_entry : 334	 val: 0x0054E003
page_table_entry : 335	 val: 0x0054F003
page_table_entry : 336	 val: 0x00550003
page_table_entry : 337	 val: 0x00551003
page_table_entry : 338	 val: 0x00552003
page_table_entry : 339	 val: 0x00553003
page_table_entry : 340	 val: 0x00554003
page_table_entry : 341	 val: 0x00555003
page_table_entry : 342	 val: 0x00556003
page_table_entry : 343	 val: 0x00557003
page_table_entry : 344	 val: 0x00558003
page_table_entry : 345	 val: 0x00559003
page_table_entry : 346	 val: 0x0055A003
page_table_entry : 347	 val: 0x0055B003
page_table_entry : 348	 val: 0x0055C003
page_table_entry : 349	 val: 0x0055D003
page_table_entry : 350	 val: 0x0055E003
page_table_entry : 351	 val: 0x0055F003
page_table_entry : 352	 val: 0x00560003
page_table_entry : 353	 val: 0x00561003
page_table_entry : 354	 val: 0x00562003
page_table_entry : 355	 val: 0x00563003
page_table_entry : 356	 val: 0x00564003
page_table_entry : 357	 val: 0x00565003
page_table_entry : 358	 val: 0x00566003
page_table_entry : 359	 val: 0x00567003
page_table_entry : 360	 val: 0x00568003
page_table_entry : 361	 val: 0x00569003
page_table_entry : 362	 val: 0x0056A003
page_table_entry : 363	 val: 0x0056B003
page_table_entry : 364	 val: 0x0056C003
page_table_entry : 365	 val: 0x0056D003
page_table_entry : 366	 val: 0x0056E003
page_table_entry : 367	 val: 0x0056F003
page_table_entry : 368	 val: 0x00570003
page_table_entry : 369	 val: 0x00571003
page_table_entry : 370	 val: 0x00572003
page_table_entry : 371	 val: 0x00573003
page_table_entry : 372	 val: 0x00574003
page_table_entry : 373	 val: 0x00575003
page_table_entry : 374	 val: 0x00576003
page_table_entry : 375	 val: 0x00577003
page_table_entry : 376	 val: 0x00578003
page_table_entry : 377	 val: 0x00579003
page_table_entry : 378	 val: 0x0057A003
page_table_entry : 379	 val: 0x0057B003
page_table_entry : 380	 val: 0x0057C003
page_table_entry : 381	 val: 0x0057D003
page_table_entry : 382	 val: 0x0057E003
page_table_entry : 383	 val: 0x0057F003
page_table_entry : 384	 val: 0x00580003
page_table_entry : 385	 val: 0x00581003
page_table_entry : 386	 val: 0x00582003
page_table_entry : 387	 val: 0x00583003
page_table_entry : 388	 val: 0x00584003
page_table_entry : 389	 val: 0x00585003
page_table_entry : 390	 val: 0x00586003
page_table_entry : 391	 val: 0x00587003
page_table_entry : 392	 val: 0x00588003
page_table_entry : 393	 val: 0x00589003
page_table_entry : 394	 val: 0x0058A003
page_table_entry : 395	 val: 0x0058B003
page_table_entry : 396	 val: 0x0058C003
page_table_entry : 397	 val: 0x0058D003
page_table_entry : 398	 val: 0x0058E003
page_table_entry : 399	 val: 0x0058F003
page_table_entry : 400	 val: 0x00590003
page_table_entry : 401	 val: 0x00591003
page_table_entry : 402	 val: 0x00592003
page_table_entry : 403	 val: 0x00593003
page_table_entry : 404	 val: 0x00594003
page_table_entry : 405	 val: 0x00595003
page_table_entry : 406	 val: 0x00596003
page_table_entry : 407	 val: 0x00597003
page_table_entry : 408	 val: 0x00598003
page_table_entry : 409	 val: 0x00599003
page_table_entry : 410	 val: 0x0059A003
page_table_entry : 411	 val: 0x0059B003
page_table_entry : 412	 val: 0x0059C003
page_table_entry : 413	 val: 0x0059D003
page_table_entry : 414	 val: 0x0059E003
page_table_entry : 415	 val: 0x0059F003
page_table_entry : 416	 val: 0x005A0003
page_table_entry : 417	 val: 0x005A1003
page_table_entry : 418	 val: 0x005A2003
page_table_entry : 419	 val: 0x005A3003
page_table_entry : 420	 val: 0x005A4003
page_table_entry : 421	 val: 0x005A5003
page_table_entry : 422	 val: 0x005A6003
page_table_entry : 423	 val: 0x005A7003
page_table_entry : 424	 val: 0x005A8003
page_table_entry : 425	 val: 0x005A9003
page_table_entry : 426	 val: 0x005AA003
page_table_entry : 427	 val: 0x005AB003
page_table_entry : 428	 val: 0x005AC003
page_table_entry : 429	 val: 0x005AD003
page_table_entry : 430	 val: 0x005AE003
page_table_entry : 431	 val: 0x005AF003
page_table_entry : 432	 val: 0x005B0003
page_table_entry : 433	 val: 0x005B1003
page_table_entry : 434	 val: 0x005B2003
page_table_entry : 435	 val: 0x005B3003
page_table_entry : 436	 val: 0x005B4003
page_table_entry : 437	 val: 0x005B5003
page_table_entry : 438	 val: 0x005B6003
page_table_entry : 439	 val: 0x005B7003
page_table_entry : 440	 val: 0x005B8003
page_table_entry : 441	 val: 0x005B9003
page_table_entry : 442	 val: 0x005BA003
page_table_entry : 443	 val: 0x005BB003
page_table_entry : 444	 val: 0x005BC003
page_table_entry : 445	 val: 0x005BD003
page_table_entry : 446	 val: 0x005BE003
page_table_entry : 447	 val: 0x005BF003
page_table_entry : 448	 val: 0x005C0003
page_table_entry : 449	 val: 0x005C1003
page_table_entry : 450	 val: 0x005C2003
page_table_entry : 451	 val: 0x005C3003
page_table_entry : 452	 val: 0x005C4003
page_table_entry : 453	 val: 0x005C5003
page_table_entry : 454	 val: 0x005C6003
page_table_entry : 455	 val: 0x005C7003
page_table_entry : 456	 val: 0x005C8003
page_table_entry : 457	 val: 0x005C9003
page_table_entry : 458	 val: 0x005CA003
page_table_entry : 459	 val: 0x005CB003
page_table_entry : 460	 val: 0x005CC003
page_table_entry : 461	 val: 0x005CD003
page_table_entry : 462	 val: 0x005CE003
page_table_entry : 463	 val: 0x005CF003
page_table_entry : 464	 val: 0x005D0003
page_table_entry : 465	 val: 0x005D1003
page_table_entry : 466	 val: 0x005D2003
page_table_entry : 467	 val: 0x005D3003
page_table_entry : 468	 val: 0x005D4003
page_table_entry : 469	 val: 0x005D5003
page_table_entry : 470	 val: 0x005D6003
page_table_entry : 471	 val: 0x005D7003
page_table_entry : 472	 val: 0x005D8003
page_table_entry : 473	 val: 0x005D9003
page_table_entry : 474	 val: 0x005DA003
page_table_entry : 475	 val: 0x005DB003
page_table_entry : 476	 val: 0x005DC003
page_table_entry : 477	 val: 0x005DD003
page_table_entry : 478	 val: 0x005DE003
page_table_entry : 479	 val: 0x005DF003
page_table_entry : 480	 val: 0x005E0003
page_table_entry : 481	 val: 0x005E1003
page_table_entry : 482	 val: 0x005E2003
page_table_entry : 483	 val: 0x005E3003
page_table_entry : 484	 val: 0x005E4003
page_table_entry : 485	 val: 0x005E5003
page_table_entry : 486	 val: 0x005E6003
page_table_entry : 487	 val: 0x005E7003
page_table_entry : 488	 val: 0x005E8003
page_table_entry : 489	 val: 0x005E9003
page_table_entry : 490	 val: 0x005EA003
page_table_entry : 491	 val: 0x005EB003
page_table_entry : 492	 val: 0x005EC003
page_table_entry : 493	 val: 0x005ED003
page_table_entry : 494	 val: 0x005EE003
page_table_entry : 495	 val: 0x005EF003
page_table_entry : 496	 val: 0x005F0003
page_table_entry : 497	 val: 0x005F1003
page_table_entry : 498	 val: 0x005F2003
page_table_entry : 499	 val: 0x005F3003
page_table_entry : 500	 val: 0x005F4003
page_table_entry : 501	 val: 0x005F5003
page_table_entry : 502	 val: 0x005F6003
page_table_entry : 503	 val: 0x005F7003
page_table_entry : 504	 val: 0x005F8003
page_table_entry : 505	 val: 0x005F9003
page_table_entry : 506	 val: 0x005FA003
page_table_entry : 507	 val: 0x005FB003
page_table_entry : 508	 val: 0x005FC003
page_table_entry : 509	 val: 0x005FD003
page_table_entry : 510	 val: 0x005FE003
page_table_entry : 511	 val: 0x005FF003
page_table_entry : 512	 val: 0x00600003
page_table_entry : 513	 val: 0x00601003
page_table_entry : 514	 val: 0x00602003
page_table_entry : 515	 val: 0x00603003
page_table_entry : 516	 val: 0x00604003
page_table_entry : 517	 val: 0x00605003
page_table_entry : 518	 val: 0x00606003
page_table_entry : 519	 val: 0x00607003
page_table_entry : 520	 val: 0x00608003
page_table_entry : 521	 val: 0x00609003
page_table_entry : 522	 val: 0x0060A003
page_table_entry : 523	 val: 0x0060B003
page_table_entry : 524	 val: 0x0060C003
page_table_entry : 525	 val: 0x0060D003
page_table_entry : 526	 val: 0x0060E003
page_table_entry : 527	 val: 0x0060F003
page_table_entry : 528	 val: 0x00610003
page_table_entry : 529	 val: 0x00611003
page_table_entry : 530	 val: 0x00612003
page_table_entry : 531	 val: 0x00613003
page_table_entry : 532	 val: 0x00614003
page_table_entry : 533	 val: 0x00615003
page_table_entry : 534	 val: 0x00616003
page_table_entry : 535	 val: 0x00617003
page_table_entry : 536	 val: 0x00618003
page_table_entry : 537	 val: 0x00619003
page_table_entry : 538	 val: 0x0061A003
page_table_entry : 539	 val: 0x0061B003
page_table_entry : 540	 val: 0x0061C003
page_table_entry : 541	 val: 0x0061D003
page_table_entry : 542	 val: 0x0061E003
page_table_entry : 543	 val: 0x0061F003
page_table_entry : 544	 val: 0x00620003
page_table_entry : 545	 val: 0x00621003
page_table_entry : 546	 val: 0x00622003
page_table_entry : 547	 val: 0x00623003
page_table_entry : 548	 val: 0x00624003
page_table_entry : 549	 val: 0x00625003
page_table_entry : 550	 val: 0x00626003
page_table_entry : 551	 val: 0x00627003
page_table_entry : 552	 val: 0x00628003
page_table_entry : 553	 val: 0x00629003
page_table_entry : 554	 val: 0x0062A003
page_table_entry : 555	 val: 0x0062B003
page_table_entry : 556	 val: 0x0062C003
page_table_entry : 557	 val: 0x0062D003
page_table_entry : 558	 val: 0x0062E003
page_table_entry : 559	 val: 0x0062F003
page_table_entry : 560	 val: 0x00630003
page_table_entry : 561	 val: 0x00631003
page_table_entry : 562	 val: 0x00632003
page_table_entry : 563	 val: 0x00633003
page_table_entry : 564	 val: 0x00634003
page_table_entry : 565	 val: 0x00635003
page_table_entry : 566	 val: 0x00636003
page_table_entry : 567	 val: 0x00637003
page_table_entry : 568	 val: 0x00638003
page_table_entry : 569	 val: 0x00639003
page_table_entry : 570	 val: 0x0063A003
page_table_entry : 571	 val: 0x0063B003
page_table_entry : 572	 val: 0x0063C003
page_table_entry : 573	 val: 0x0063D003
page_table_entry : 574	 val: 0x0063E003
page_table_entry : 575	 val: 0x0063F003
page_table_entry : 576	 val: 0x00640003
page_table_entry : 577	 val: 0x00641003
page_table_entry : 578	 val: 0x00642003
page_table_entry : 579	 val: 0x00643003
page_table_entry : 580	 val: 0x00644003
page_table_entry : 581	 val: 0x00645003
page_table_entry : 582	 val: 0x00646003
page_table_entry : 583	 val: 0x00647003
page_table_entry : 584	 val: 0x00648003
page_table_entry : 585	 val: 0x00649003
page_table_entry : 586	 val: 0x0064A003
page_table_entry : 587	 val: 0x0064B003
page_table_entry : 588	 val: 0x0064C003
page_table_entry : 589	 val: 0x0064D003
page_table_entry : 590	 val: 0x0064E003
page_table_entry : 591	 val: 0x0064F003
page_table_entry : 592	 val: 0x00650003
page_table_entry : 593	 val: 0x00651003
page_table_entry : 594	 val: 0x00652003
page_table_entry : 595	 val: 0x00653003
page_table_entry : 596	 val: 0x00654003
page_table_entry : 597	 val: 0x00655003
page_table_entry : 598	 val: 0x00656003
page_table_entry : 599	 val: 0x00657003
page_table_entry : 600	 val: 0x00658003
page_table_entry : 601	 val: 0x00659003
page_table_entry : 602	 val: 0x0065A003
page_table_entry : 603	 val: 0x0065B003
page_table_entry : 604	 val: 0x0065C003
page_table_entry : 605	 val: 0x0065D003
page_table_entry : 606	 val: 0x0065E003
page_table_entry : 607	 val: 0x0065F003
page_table_entry : 608	 val: 0x00660003
page_table_entry : 609	 val: 0x00661003
page_table_entry : 610	 val: 0x00662003
page_table_entry : 611	 val: 0x00663003
page_table_entry : 612	 val: 0x00664003
page_table_entry : 613	 val: 0x00665003
page_table_entry : 614	 val: 0x00666003
page_table_entry : 615	 val: 0x00667003
page_table_entry : 616	 val: 0x00668003
page_table_entry : 617	 val: 0x00669003
page_table_entry : 618	 val: 0x0066A003
page_table_entry : 619	 val: 0x0066B003
page_table_entry : 620	 val: 0x0066C003
page_table_entry : 621	 val: 0x0066D003
page_table_entry : 622	 val: 0x0066E003
page_table_entry : 623	 val: 0x0066F003
page_table_entry : 624	 val: 0x00670003
page_table_entry : 625	 val: 0x00671003
page_table_entry : 626	 val: 0x00672003
page_table_entry : 627	 val: 0x00673003
page_table_entry : 628	 val: 0x00674003
page_table_entry : 629	 val: 0x00675003
page_table_entry : 630	 val: 0x00676003
page_table_entry : 631	 val: 0x00677003
page_table_entry : 632	 val: 0x00678003
page_table_entry : 633	 val: 0x00679003
page_table_entry : 634	 val: 0x0067A003
page_table_entry : 635	 val: 0x0067B003
page_table_entry : 636	 val: 0x0067C003
page_table_entry : 637	 val: 0x0067D003
page_table_entry : 638	 val: 0x0067E003
page_table_entry : 639	 val: 0x0067F003
page_table_entry : 640	 val: 0x00680003
page_table_entry : 641	 val: 0x00681003
page_table_entry : 642	 val: 0x00682003
page_table_entry : 643	 val: 0x00683003
page_table_entry : 644	 val: 0x00684003
page_table_entry : 645	 val: 0x00685003
page_table_entry : 646	 val: 0x00686003
page_table_entry : 647	 val: 0x00687003
page_table_entry : 648	 val: 0x00688003
page_table_entry : 649	 val: 0x00689003
page_table_entry : 650	 val: 0x0068A003
page_table_entry : 651	 val: 0x0068B003
page_table_entry : 652	 val: 0x0068C003
page_table_entry : 653	 val: 0x0068D003
page_table_entry : 654	 val: 0x0068E003
page_table_entry : 655	 val: 0x0068F003
page_table_entry : 656	 val: 0x00690003
page_table_entry : 657	 val: 0x00691003
page_table_entry : 658	 val: 0x00692003
page_table_entry : 659	 val: 0x00693003
page_table_entry : 660	 val: 0x00694003
page_table_entry : 661	 val: 0x00695003
page_table_entry : 662	 val: 0x00696003
page_table_entry : 663	 val: 0x00697003
page_table_entry : 664	 val: 0x00698003
page_table_entry : 665	 val: 0x00699003
page_table_entry : 666	 val: 0x0069A003
page_table_entry : 667	 val: 0x0069B003
page_table_entry : 668	 val: 0x0069C003
page_table_entry : 669	 val: 0x0069D003
page_table_entry : 670	 val: 0x0069E003
page_table_entry : 671	 val: 0x0069F003
page_table_entry : 672	 val: 0x006A0003
page_table_entry : 673	 val: 0x006A1003
page_table_entry : 674	 val: 0x006A2003
page_table_entry : 675	 val: 0x006A3003
page_table_entry : 676	 val: 0x006A4003
page_table_entry : 677	 val: 0x006A5003
page_table_entry : 678	 val: 0x006A6003
page_table_entry : 679	 val: 0x006A7003
page_table_entry : 680	 val: 0x006A8003
page_table_entry : 681	 val: 0x006A9003
page_table_entry : 682	 val: 0x006AA003
page_table_entry : 683	 val: 0x006AB003
page_table_entry : 684	 val: 0x006AC003
page_table_entry : 685	 val: 0x006AD003
page_table_entry : 686	 val: 0x006AE003
page_table_entry : 687	 val: 0x006AF003
page_table_entry : 688	 val: 0x006B0003
page_table_entry : 689	 val: 0x006B1003
page_table_entry : 690	 val: 0x006B2003
page_table_entry : 691	 val: 0x006B3003
page_table_entry : 692	 val: 0x006B4003
page_table_entry : 693	 val: 0x006B5003
page_table_entry : 694	 val: 0x006B6003
page_table_entry : 695	 val: 0x006B7003
page_table_entry : 696	 val: 0x006B8003
page_table_entry : 697	 val: 0x006B9003
page_table_entry : 698	 val: 0x006BA003
page_table_entry : 699	 val: 0x006BB003
page_table_entry : 700	 val: 0x006BC003
page_table_entry : 701	 val: 0x006BD003
page_table_entry : 702	 val: 0x006BE003
page_table_entry : 703	 val: 0x006BF003
page_table_entry : 704	 val: 0x006C0003
page_table_entry : 705	 val: 0x006C1003
page_table_entry : 706	 val: 0x006C2003
page_table_entry : 707	 val: 0x006C3003
page_table_entry : 708	 val: 0x006C4003
page_table_entry : 709	 val: 0x006C5003
page_table_entry : 710	 val: 0x006C6003
page_table_entry : 711	 val: 0x006C7003
page_table_entry : 712	 val: 0x006C8003
page_table_entry : 713	 val: 0x006C9003
page_table_entry : 714	 val: 0x006CA003
page_table_entry : 715	 val: 0x006CB003
page_table_entry : 716	 val: 0x006CC003
page_table_entry : 717	 val: 0x006CD003
page_table_entry : 718	 val: 0x006CE003
page_table_entry : 719	 val: 0x006CF003
page_table_entry : 720	 val: 0x006D0003
page_table_entry : 721	 val: 0x006D1003
page_table_entry : 722	 val: 0x006D2003
page_table_entry : 723	 val: 0x006D3003
page_table_entry : 724	 val: 0x006D4003
page_table_entry : 725	 val: 0x006D5003
page_table_entry : 726	 val: 0x006D6003
page_table_entry : 727	 val: 0x006D7003
page_table_entry : 728	 val: 0x006D8003
page_table_entry : 729	 val: 0x006D9003
page_table_entry : 730	 val: 0x006DA003
page_table_entry : 731	 val: 0x006DB003
page_table_entry : 732	 val: 0x006DC003
page_table_entry : 733	 val: 0x006DD003
page_table_entry : 734	 val: 0x006DE003
page_table_entry : 735	 val: 0x006DF003
page_table_entry : 736	 val: 0x006E0003
page_table_entry : 737	 val: 0x006E1003
page_table_entry : 738	 val: 0x006E2003
page_table_entry : 739	 val: 0x006E3003
page_table_entry : 740	 val: 0x006E4003
page_table_entry : 741	 val: 0x006E5003
page_table_entry : 742	 val: 0x006E6003
page_table_entry : 743	 val: 0x006E7003
page_table_entry : 744	 val: 0x006E8003
page_table_entry : 745	 val: 0x006E9003
page_table_entry : 746	 val: 0x006EA003
page_table_entry : 747	 val: 0x006EB003
page_table_entry : 748	 val: 0x006EC003
page_table_entry : 749	 val: 0x006ED003
page_table_entry : 750	 val: 0x006EE003
page_table_entry : 751	 val: 0x006EF003
page_table_entry : 752	 val: 0x006F0003
page_table_entry : 753	 val: 0x006F1003
page_table_entry : 754	 val: 0x006F2003
page_table_entry : 755	 val: 0x006F3003
page_table_entry : 756	 val: 0x006F4003
page_table_entry : 757	 val: 0x006F5003
page_table_entry : 758	 val: 0x006F6003
page_table_entry : 759	 val: 0x006F7003
page_table_entry : 760	 val: 0x006F8003
page_table_entry : 761	 val: 0x006F9003
page_table_entry : 762	 val: 0x006FA003
page_table_entry : 763	 val: 0x006FB003
page_table_entry : 764	 val: 0x006FC003
page_table_entry : 765	 val: 0x006FD003
page_table_entry : 766	 val: 0x006FE003
page_table_entry : 767	 val: 0x006FF003
page_table_entry : 768	 val: 0x00700003
page_table_entry : 769	 val: 0x00701003
page_table_entry : 770	 val: 0x00702003
page_table_entry : 771	 val: 0x00703003
page_table_entry : 772	 val: 0x00704003
page_table_entry : 773	 val: 0x00705003
page_table_entry : 774	 val: 0x00706003
page_table_entry : 775	 val: 0x00707003
page_table_entry : 776	 val: 0x00708003
page_table_entry : 777	 val: 0x00709003
page_table_entry : 778	 val: 0x0070A003
page_table_entry : 779	 val: 0x0070B003
page_table_entry : 780	 val: 0x0070C003
page_table_entry : 781	 val: 0x0070D003
page_table_entry : 782	 val: 0x0070E003
page_table_entry : 783	 val: 0x0070F003
page_table_entry : 784	 val: 0x00710003
page_table_entry : 785	 val: 0x00711003
page_table_entry : 786	 val: 0x00712003
page_table_entry : 787	 val: 0x00713003
page_table_entry : 788	 val: 0x00714003
page_table_entry : 789	 val: 0x00715003
page_table_entry : 790	 val: 0x00716003
page_table_entry : 791	 val: 0x00717003
page_table_entry : 792	 val: 0x00718003
page_table_entry : 793	 val: 0x00719003
page_table_entry : 794	 val: 0x0071A003
page_table_entry : 795	 val: 0x0071B003
page_table_entry : 796	 val: 0x0071C003
page_table_entry : 797	 val: 0x0071D003
page_table_entry : 798	 val: 0x0071E003
page_table_entry : 799	 val: 0x0071F003
page_table_entry : 800	 val: 0x00720003
page_table_entry : 801	 val: 0x00721003
page_table_entry : 802	 val: 0x00722003
page_table_entry : 803	 val: 0x00723003
page_table_entry : 804	 val: 0x00724003
page_table_entry : 805	 val: 0x00725003
page_table_entry : 806	 val: 0x00726003
page_table_entry : 807	 val: 0x00727003
page_table_entry : 808	 val: 0x00728003
page_table_entry : 809	 val: 0x00729003
page_table_entry : 810	 val: 0x0072A003
page_table_entry : 811	 val: 0x0072B003
page_table_entry : 812	 val: 0x0072C003
page_table_entry : 813	 val: 0x0072D003
page_table_entry : 814	 val: 0x0072E003
page_table_entry : 815	 val: 0x0072F003
page_table_entry : 816	 val: 0x00730003
page_table_entry : 817	 val: 0x00731003
page_table_entry : 818	 val: 0x00732003
page_table_entry : 819	 val: 0x00733003
page_table_entry : 820	 val: 0x00734003
page_table_entry : 821	 val: 0x00735003
page_table_entry : 822	 val: 0x00736003
page_table_entry : 823	 val: 0x00737003
page_table_entry : 824	 val: 0x00738003
page_table_entry : 825	 val: 0x00739003
page_table_entry : 826	 val: 0x0073A003
page_table_entry : 827	 val: 0x0073B003
page_table_entry : 828	 val: 0x0073C003
page_table_entry : 829	 val: 0x0073D003
page_table_entry : 830	 val: 0x0073E003
page_table_entry : 831	 val: 0x0073F003
page_table_entry : 832	 val: 0x00740003
page_table_entry : 833	 val: 0x00741003
page_table_entry : 834	 val: 0x00742003
page_table_entry : 835	 val: 0x00743003
page_table_entry : 836	 val: 0x00744003
page_table_entry : 837	 val: 0x00745003
page_table_entry : 838	 val: 0x00746003
page_table_entry : 839	 val: 0x00747003
page_table_entry : 840	 val: 0x00748003
page_table_entry : 841	 val: 0x00749003
page_table_entry : 842	 val: 0x0074A003
page_table_entry : 843	 val: 0x0074B003
page_table_entry : 844	 val: 0x0074C003
page_table_entry : 845	 val: 0x0074D003
page_table_entry : 846	 val: 0x0074E003
page_table_entry : 847	 val: 0x0074F003
page_table_entry : 848	 val: 0x00750003
page_table_entry : 849	 val: 0x00751003
page_table_entry : 850	 val: 0x00752003
page_table_entry : 851	 val: 0x00753003
page_table_entry : 852	 val: 0x00754003
page_table_entry : 853	 val: 0x00755003
page_table_entry : 854	 val: 0x00756003
page_table_entry : 855	 val: 0x00757003
page_table_entry : 856	 val: 0x00758003
page_table_entry : 857	 val: 0x00759003
page_table_entry : 858	 val: 0x0075A003
page_table_entry : 859	 val: 0x0075B003
page_table_entry : 860	 val: 0x0075C003
page_table_entry : 861	 val: 0x0075D003
page_table_entry : 862	 val: 0x0075E003
page_table_entry : 863	 val: 0x0075F003
page_table_entry : 864	 val: 0x00760003
page_table_entry : 865	 val: 0x00761003
page_table_entry : 866	 val: 0x00762003
page_table_entry : 867	 val: 0x00763003
page_table_entry : 868	 val: 0x00764003
page_table_entry : 869	 val: 0x00765003
page_table_entry : 870	 val: 0x00766003
page_table_entry : 871	 val: 0x00767003
page_table_entry : 872	 val: 0x00768003
page_table_entry : 873	 val: 0x00769003
page_table_entry : 874	 val: 0x0076A003
page_table_entry : 875	 val: 0x0076B003
page_table_entry : 876	 val: 0x0076C003
page_table_entry : 877	 val: 0x0076D003
page_table_entry : 878	 val: 0x0076E003
page_table_entry : 879	 val: 0x0076F003
page_table_entry : 880	 val: 0x00770003
page_table_entry : 881	 val: 0x00771003
page_table_entry : 882	 val: 0x00772003
page_table_entry : 883	 val: 0x00773003
page_table_entry : 884	 val: 0x00774003
page_table_entry : 885	 val: 0x00775003
page_table_entry : 886	 val: 0x00776003
page_table_entry : 887	 val: 0x00777003
page_table_entry : 888	 val: 0x00778003
page_table_entry : 889	 val: 0x00779003
page_table_entry : 890	 val: 0x0077A003
page_table_entry : 891	 val: 0x0077B003
page_table_entry : 892	 val: 0x0077C003
page_table_entry : 893	 val: 0x0077D003
page_table_entry : 894	 val: 0x0077E003
page_table_entry : 895	 val: 0x0077F003
page_table_entry : 896	 val: 0x00780003
page_table_entry : 897	 val: 0x00781003
page_table_entry : 898	 val: 0x00782003
page_table_entry : 899	 val: 0x00783003
page_table_entry : 900	 val: 0x00784003
page_table_entry : 901	 val: 0x00785003
page_table_entry : 902	 val: 0x00786003
page_table_entry : 903	 val: 0x00787003
page_table_entry : 904	 val: 0x00788003
page_table_entry : 905	 val: 0x00789003
page_table_entry : 906	 val: 0x0078A003
page_table_entry : 907	 val: 0x0078B003
page_table_entry : 908	 val: 0x0078C003
page_table_entry : 909	 val: 0x0078D003
page_table_entry : 910	 val: 0x0078E003
page_table_entry : 911	 val: 0x0078F003
page_table_entry : 912	 val: 0x00790003
page_table_entry : 913	 val: 0x00791003
page_table_entry : 914	 val: 0x00792003
page_table_entry : 915	 val: 0x00793003
page_table_entry : 916	 val: 0x00794003
page_table_entry : 917	 val: 0x00795003
page_table_entry : 918	 val: 0x00796003
page_table_entry : 919	 val: 0x00797003
page_table_entry : 920	 val: 0x00798003
page_table_entry : 921	 val: 0x00799003
page_table_entry : 922	 val: 0x0079A003
page_table_entry : 923	 val: 0x0079B003
page_table_entry : 924	 val: 0x0079C003
page_table_entry : 925	 val: 0x0079D003
page_table_entry : 926	 val: 0x0079E003
page_table_entry : 927	 val: 0x0079F003
page_table_entry : 928	 val: 0x007A0003
page_table_entry : 929	 val: 0x007A1003
page_table_entry : 930	 val: 0x007A2003
page_table_entry : 931	 val: 0x007A3003
page_table_entry : 932	 val: 0x007A4003
page_table_entry : 933	 val: 0x007A5003
page_table_entry : 934	 val: 0x007A6003
page_table_entry : 935	 val: 0x007A7003
page_table_entry : 936	 val: 0x007A8003
page_table_entry : 937	 val: 0x007A9003
page_table_entry : 938	 val: 0x007AA003
page_table_entry : 939	 val: 0x007AB003
page_table_entry : 940	 val: 0x007AC003
page_table_entry : 941	 val: 0x007AD003
page_table_entry : 942	 val: 0x007AE003
page_table_entry : 943	 val: 0x007AF003
page_table_entry : 944	 val: 0x007B0003
page_table_entry : 945	 val: 0x007B1003
page_table_entry : 946	 val: 0x007B2003
page_table_entry : 947	 val: 0x007B3003
page_table_entry : 948	 val: 0x007B4003
page_table_entry : 949	 val: 0x007B5003
page_table_entry : 950	 val: 0x007B6003
page_table_entry : 951	 val: 0x007B7003
page_table_entry : 952	 val: 0x007B8003
page_table_entry : 953	 val: 0x007B9003
page_table_entry : 954	 val: 0x007BA003
page_table_entry : 955	 val: 0x007BB003
page_table_entry : 956	 val: 0x007BC003
page_table_entry : 957	 val: 0x007BD003
page_table_entry : 958	 val: 0x007BE003
page_table_entry : 959	 val: 0x007BF003
page_table_entry : 960	 val: 0x007C0003
page_table_entry : 961	 val: 0x007C1003
page_table_entry : 962	 val: 0x007C2003
page_table_entry : 963	 val: 0x007C3003
page_table_entry : 964	 val: 0x007C4003
page_table_entry : 965	 val: 0x007C5003
page_table_entry : 966	 val: 0x007C6003
page_table_entry : 967	 val: 0x007C7003
page_table_entry : 968	 val: 0x007C8003
page_table_entry : 969	 val: 0x007C9003
page_table_entry : 970	 val: 0x007CA003
page_table_entry : 971	 val: 0x007CB003
page_table_entry : 972	 val: 0x007CC003
page_table_entry : 973	 val: 0x007CD003
page_table_entry : 974	 val: 0x007CE003
page_table_entry : 975	 val: 0x007CF003
page_table_entry : 976	 val: 0x007D0003
page_table_entry : 977	 val: 0x007D1003
page_table_entry : 978	 val: 0x007D2003
page_table_entry : 979	 val: 0x007D3003
page_table_entry : 980	 val: 0x007D4003
page_table_entry : 981	 val: 0x007D5003
page_table_entry : 982	 val: 0x007D6003
page_table_entry : 983	 val: 0x007D7003
page_table_entry : 984	 val: 0x007D8003
page_table_entry : 985	 val: 0x007D9003
page_table_entry : 986	 val: 0x007DA003
page_table_entry : 987	 val: 0x007DB003
page_table_entry : 988	 val: 0x007DC003
page_table_entry : 989	 val: 0x007DD003
page_table_entry : 990	 val: 0x007DE003
page_table_entry : 991	 val: 0x007DF003
page_table_entry : 992	 val: 0x007E0003
page_table_entry : 993	 val: 0x007E1003
page_table_entry : 994	 val: 0x007E2003
page_table_entry : 995	 val: 0x007E3003
page_table_entry : 996	 val: 0x007E4003
page_table_entry : 997	 val: 0x007E5003
page_table_entry : 998	 val: 0x007E6003
page_table_entry : 999	 val: 0x007E7003
page_table_entry : 1000	 val: 0x007E8003
page_table_entry : 1001	 val: 0x007E9003
page_table_entry : 1002	 val: 0x007EA003
page_table_entry : 1003	 val: 0x007EB003
page_table_entry : 1004	 val: 0x007EC003
page_table_entry : 1005	 val: 0x007ED003
page_table_entry : 1006	 val: 0x007EE003
page_table_entry : 1007	 val: 0x007EF003
page_table_entry : 1008	 val: 0x007F0003
page_table_entry : 1009	 val: 0x007F1003
page_table_entry : 1010	 val: 0x007F2003
page_table_entry : 1011	 val: 0x007F3003
page_table_entry : 1012	 val: 0x007F4003
page_table_entry : 1013	 val: 0x007F5003
page_table_entry : 1014	 val: 0x007F6003
page_table_entry : 1015	 val: 0x007F7003
page_table_entry : 1016	 val: 0x007F8003
page_table_entry : 1017	 val: 0x007F9003
page_table_entry : 1018	 val: 0x007FA003
page_table_entry : 1019	 val: 0x007FB003
page_table_entry : 1020	 val: 0x007FC003
page_table_entry : 1021	 val: 0x007FD003
page_table_entry : 1022	 val: 0x007FE003
page_table_entry : 1023	 val: 0x007FF003
pg_dir entry : 2
page_table address : 0x00002000
page_table_entry : 0	 val: 0x00800003
page_table_entry : 1	 val: 0x00801003
page_table_entry : 2	 val: 0x00802003
page_table_entry : 3	 val: 0x00803003
page_table_entry : 4	 val: 0x00804003
page_table_entry : 5	 val: 0x00805003
page_table_entry : 6	 val: 0x00806003
page_table_entry : 7	 val: 0x00807003
page_table_entry : 8	 val: 0x00808003
page_table_entry : 9	 val: 0x00809003
page_table_entry : 10	 val: 0x0080A003
page_table_entry : 11	 val: 0x0080B003
page_table_entry : 12	 val: 0x0080C003
page_table_entry : 13	 val: 0x0080D003
page_table_entry : 14	 val: 0x0080E003
page_table_entry : 15	 val: 0x0080F003
page_table_entry : 16	 val: 0x00810003
page_table_entry : 17	 val: 0x00811003
page_table_entry : 18	 val: 0x00812003
page_table_entry : 19	 val: 0x00813003
page_table_entry : 20	 val: 0x00814003
page_table_entry : 21	 val: 0x00815003
page_table_entry : 22	 val: 0x00816003
page_table_entry : 23	 val: 0x00817003
page_table_entry : 24	 val: 0x00818003
page_table_entry : 25	 val: 0x00819003
page_table_entry : 26	 val: 0x0081A003
page_table_entry : 27	 val: 0x0081B003
page_table_entry : 28	 val: 0x0081C003
page_table_entry : 29	 val: 0x0081D003
page_table_entry : 30	 val: 0x0081E003
page_table_entry : 31	 val: 0x0081F003
page_table_entry : 32	 val: 0x00820003
page_table_entry : 33	 val: 0x00821003
page_table_entry : 34	 val: 0x00822003
page_table_entry : 35	 val: 0x00823003
page_table_entry : 36	 val: 0x00824003
page_table_entry : 37	 val: 0x00825003
page_table_entry : 38	 val: 0x00826003
page_table_entry : 39	 val: 0x00827003
page_table_entry : 40	 val: 0x00828003
page_table_entry : 41	 val: 0x00829003
page_table_entry : 42	 val: 0x0082A003
page_table_entry : 43	 val: 0x0082B003
page_table_entry : 44	 val: 0x0082C003
page_table_entry : 45	 val: 0x0082D003
page_table_entry : 46	 val: 0x0082E003
page_table_entry : 47	 val: 0x0082F003
page_table_entry : 48	 val: 0x00830003
page_table_entry : 49	 val: 0x00831003
page_table_entry : 50	 val: 0x00832003
page_table_entry : 51	 val: 0x00833003
page_table_entry : 52	 val: 0x00834003
page_table_entry : 53	 val: 0x00835003
page_table_entry : 54	 val: 0x00836003
page_table_entry : 55	 val: 0x00837003
page_table_entry : 56	 val: 0x00838003
page_table_entry : 57	 val: 0x00839003
page_table_entry : 58	 val: 0x0083A003
page_table_entry : 59	 val: 0x0083B003
page_table_entry : 60	 val: 0x0083C003
page_table_entry : 61	 val: 0x0083D003
page_table_entry : 62	 val: 0x0083E003
page_table_entry : 63	 val: 0x0083F003
page_table_entry : 64	 val: 0x00840003
page_table_entry : 65	 val: 0x00841003
page_table_entry : 66	 val: 0x00842003
page_table_entry : 67	 val: 0x00843003
page_table_entry : 68	 val: 0x00844003
page_table_entry : 69	 val: 0x00845003
page_table_entry : 70	 val: 0x00846003
page_table_entry : 71	 val: 0x00847003
page_table_entry : 72	 val: 0x00848003
page_table_entry : 73	 val: 0x00849003
page_table_entry : 74	 val: 0x0084A003
page_table_entry : 75	 val: 0x0084B003
page_table_entry : 76	 val: 0x0084C003
page_table_entry : 77	 val: 0x0084D003
page_table_entry : 78	 val: 0x0084E003
page_table_entry : 79	 val: 0x0084F003
page_table_entry : 80	 val: 0x00850003
page_table_entry : 81	 val: 0x00851003
page_table_entry : 82	 val: 0x00852003
page_table_entry : 83	 val: 0x00853003
page_table_entry : 84	 val: 0x00854003
page_table_entry : 85	 val: 0x00855003
page_table_entry : 86	 val: 0x00856003
page_table_entry : 87	 val: 0x00857003
page_table_entry : 88	 val: 0x00858003
page_table_entry : 89	 val: 0x00859003
page_table_entry : 90	 val: 0x0085A003
page_table_entry : 91	 val: 0x0085B003
page_table_entry : 92	 val: 0x0085C003
page_table_entry : 93	 val: 0x0085D003
page_table_entry : 94	 val: 0x0085E003
page_table_entry : 95	 val: 0x0085F003
page_table_entry : 96	 val: 0x00860003
page_table_entry : 97	 val: 0x00861003
page_table_entry : 98	 val: 0x00862003
page_table_entry : 99	 val: 0x00863003
page_table_entry : 100	 val: 0x00864003
page_table_entry : 101	 val: 0x00865003
page_table_entry : 102	 val: 0x00866003
page_table_entry : 103	 val: 0x00867003
page_table_entry : 104	 val: 0x00868003
page_table_entry : 105	 val: 0x00869003
page_table_entry : 106	 val: 0x0086A003
page_table_entry : 107	 val: 0x0086B003
page_table_entry : 108	 val: 0x0086C003
page_table_entry : 109	 val: 0x0086D003
page_table_entry : 110	 val: 0x0086E003
page_table_entry : 111	 val: 0x0086F003
page_table_entry : 112	 val: 0x00870003
page_table_entry : 113	 val: 0x00871003
page_table_entry : 114	 val: 0x00872003
page_table_entry : 115	 val: 0x00873003
page_table_entry : 116	 val: 0x00874003
page_table_entry : 117	 val: 0x00875003
page_table_entry : 118	 val: 0x00876003
page_table_entry : 119	 val: 0x00877003
page_table_entry : 120	 val: 0x00878003
page_table_entry : 121	 val: 0x00879003
page_table_entry : 122	 val: 0x0087A003
page_table_entry : 123	 val: 0x0087B003
page_table_entry : 124	 val: 0x0087C003
page_table_entry : 125	 val: 0x0087D003
page_table_entry : 126	 val: 0x0087E003
page_table_entry : 127	 val: 0x0087F003
page_table_entry : 128	 val: 0x00880003
page_table_entry : 129	 val: 0x00881003
page_table_entry : 130	 val: 0x00882003
page_table_entry : 131	 val: 0x00883003
page_table_entry : 132	 val: 0x00884003
page_table_entry : 133	 val: 0x00885003
page_table_entry : 134	 val: 0x00886003
page_table_entry : 135	 val: 0x00887003
page_table_entry : 136	 val: 0x00888003
page_table_entry : 137	 val: 0x00889003
page_table_entry : 138	 val: 0x0088A003
page_table_entry : 139	 val: 0x0088B003
page_table_entry : 140	 val: 0x0088C003
page_table_entry : 141	 val: 0x0088D003
page_table_entry : 142	 val: 0x0088E003
page_table_entry : 143	 val: 0x0088F003
page_table_entry : 144	 val: 0x00890003
page_table_entry : 145	 val: 0x00891003
page_table_entry : 146	 val: 0x00892003
page_table_entry : 147	 val: 0x00893003
page_table_entry : 148	 val: 0x00894003
page_table_entry : 149	 val: 0x00895003
page_table_entry : 150	 val: 0x00896003
page_table_entry : 151	 val: 0x00897003
page_table_entry : 152	 val: 0x00898003
page_table_entry : 153	 val: 0x00899003
page_table_entry : 154	 val: 0x0089A003
page_table_entry : 155	 val: 0x0089B003
page_table_entry : 156	 val: 0x0089C003
page_table_entry : 157	 val: 0x0089D003
page_table_entry : 158	 val: 0x0089E003
page_table_entry : 159	 val: 0x0089F003
page_table_entry : 160	 val: 0x008A0003
page_table_entry : 161	 val: 0x008A1003
page_table_entry : 162	 val: 0x008A2003
page_table_entry : 163	 val: 0x008A3003
page_table_entry : 164	 val: 0x008A4003
page_table_entry : 165	 val: 0x008A5003
page_table_entry : 166	 val: 0x008A6003
page_table_entry : 167	 val: 0x008A7003
page_table_entry : 168	 val: 0x008A8003
page_table_entry : 169	 val: 0x008A9003
page_table_entry : 170	 val: 0x008AA003
page_table_entry : 171	 val: 0x008AB003
page_table_entry : 172	 val: 0x008AC003
page_table_entry : 173	 val: 0x008AD003
page_table_entry : 174	 val: 0x008AE003
page_table_entry : 175	 val: 0x008AF003
page_table_entry : 176	 val: 0x008B0003
page_table_entry : 177	 val: 0x008B1003
page_table_entry : 178	 val: 0x008B2003
page_table_entry : 179	 val: 0x008B3003
page_table_entry : 180	 val: 0x008B4003
page_table_entry : 181	 val: 0x008B5003
page_table_entry : 182	 val: 0x008B6003
page_table_entry : 183	 val: 0x008B7003
page_table_entry : 184	 val: 0x008B8003
page_table_entry : 185	 val: 0x008B9003
page_table_entry : 186	 val: 0x008BA003
page_table_entry : 187	 val: 0x008BB003
page_table_entry : 188	 val: 0x008BC003
page_table_entry : 189	 val: 0x008BD003
page_table_entry : 190	 val: 0x008BE003
page_table_entry : 191	 val: 0x008BF003
page_table_entry : 192	 val: 0x008C0003
page_table_entry : 193	 val: 0x008C1003
page_table_entry : 194	 val: 0x008C2003
page_table_entry : 195	 val: 0x008C3003
page_table_entry : 196	 val: 0x008C4003
page_table_entry : 197	 val: 0x008C5003
page_table_entry : 198	 val: 0x008C6003
page_table_entry : 199	 val: 0x008C7003
page_table_entry : 200	 val: 0x008C8003
page_table_entry : 201	 val: 0x008C9003
page_table_entry : 202	 val: 0x008CA003
page_table_entry : 203	 val: 0x008CB003
page_table_entry : 204	 val: 0x008CC003
page_table_entry : 205	 val: 0x008CD003
page_table_entry : 206	 val: 0x008CE003
page_table_entry : 207	 val: 0x008CF003
page_table_entry : 208	 val: 0x008D0003
page_table_entry : 209	 val: 0x008D1003
page_table_entry : 210	 val: 0x008D2003
page_table_entry : 211	 val: 0x008D3003
page_table_entry : 212	 val: 0x008D4003
page_table_entry : 213	 val: 0x008D5003
page_table_entry : 214	 val: 0x008D6003
page_table_entry : 215	 val: 0x008D7003
page_table_entry : 216	 val: 0x008D8003
page_table_entry : 217	 val: 0x008D9003
page_table_entry : 218	 val: 0x008DA003
page_table_entry : 219	 val: 0x008DB003
page_table_entry : 220	 val: 0x008DC003
page_table_entry : 221	 val: 0x008DD003
page_table_entry : 222	 val: 0x008DE003
page_table_entry : 223	 val: 0x008DF003
page_table_entry : 224	 val: 0x008E0003
page_table_entry : 225	 val: 0x008E1003
page_table_entry : 226	 val: 0x008E2003
page_table_entry : 227	 val: 0x008E3003
page_table_entry : 228	 val: 0x008E4003
page_table_entry : 229	 val: 0x008E5003
page_table_entry : 230	 val: 0x008E6003
page_table_entry : 231	 val: 0x008E7003
page_table_entry : 232	 val: 0x008E8003
page_table_entry : 233	 val: 0x008E9003
page_table_entry : 234	 val: 0x008EA003
page_table_entry : 235	 val: 0x008EB003
page_table_entry : 236	 val: 0x008EC003
page_table_entry : 237	 val: 0x008ED003
page_table_entry : 238	 val: 0x008EE003
page_table_entry : 239	 val: 0x008EF003
page_table_entry : 240	 val: 0x008F0003
page_table_entry : 241	 val: 0x008F1003
page_table_entry : 242	 val: 0x008F2003
page_table_entry : 243	 val: 0x008F3003
page_table_entry : 244	 val: 0x008F4003
page_table_entry : 245	 val: 0x008F5003
page_table_entry : 246	 val: 0x008F6003
page_table_entry : 247	 val: 0x008F7003
page_table_entry : 248	 val: 0x008F8003
page_table_entry : 249	 val: 0x008F9003
page_table_entry : 250	 val: 0x008FA003
page_table_entry : 251	 val: 0x008FB003
page_table_entry : 252	 val: 0x008FC003
page_table_entry : 253	 val: 0x008FD003
page_table_entry : 254	 val: 0x008FE003
page_table_entry : 255	 val: 0x008FF003
page_table_entry : 256	 val: 0x00900003
page_table_entry : 257	 val: 0x00901003
page_table_entry : 258	 val: 0x00902003
page_table_entry : 259	 val: 0x00903003
page_table_entry : 260	 val: 0x00904003
page_table_entry : 261	 val: 0x00905003
page_table_entry : 262	 val: 0x00906003
page_table_entry : 263	 val: 0x00907003
page_table_entry : 264	 val: 0x00908003
page_table_entry : 265	 val: 0x00909003
page_table_entry : 266	 val: 0x0090A003
page_table_entry : 267	 val: 0x0090B003
page_table_entry : 268	 val: 0x0090C003
page_table_entry : 269	 val: 0x0090D003
page_table_entry : 270	 val: 0x0090E003
page_table_entry : 271	 val: 0x0090F003
page_table_entry : 272	 val: 0x00910003
page_table_entry : 273	 val: 0x00911003
page_table_entry : 274	 val: 0x00912003
page_table_entry : 275	 val: 0x00913003
page_table_entry : 276	 val: 0x00914003
page_table_entry : 277	 val: 0x00915003
page_table_entry : 278	 val: 0x00916003
page_table_entry : 279	 val: 0x00917003
page_table_entry : 280	 val: 0x00918003
page_table_entry : 281	 val: 0x00919003
page_table_entry : 282	 val: 0x0091A003
page_table_entry : 283	 val: 0x0091B003
page_table_entry : 284	 val: 0x0091C003
page_table_entry : 285	 val: 0x0091D003
page_table_entry : 286	 val: 0x0091E003
page_table_entry : 287	 val: 0x0091F003
page_table_entry : 288	 val: 0x00920003
page_table_entry : 289	 val: 0x00921003
page_table_entry : 290	 val: 0x00922003
page_table_entry : 291	 val: 0x00923003
page_table_entry : 292	 val: 0x00924003
page_table_entry : 293	 val: 0x00925003
page_table_entry : 294	 val: 0x00926003
page_table_entry : 295	 val: 0x00927003
page_table_entry : 296	 val: 0x00928003
page_table_entry : 297	 val: 0x00929003
page_table_entry : 298	 val: 0x0092A003
page_table_entry : 299	 val: 0x0092B003
page_table_entry : 300	 val: 0x0092C003
page_table_entry : 301	 val: 0x0092D003
page_table_entry : 302	 val: 0x0092E003
page_table_entry : 303	 val: 0x0092F003
page_table_entry : 304	 val: 0x00930003
page_table_entry : 305	 val: 0x00931003
page_table_entry : 306	 val: 0x00932003
page_table_entry : 307	 val: 0x00933003
page_table_entry : 308	 val: 0x00934003
page_table_entry : 309	 val: 0x00935003
page_table_entry : 310	 val: 0x00936003
page_table_entry : 311	 val: 0x00937003
page_table_entry : 312	 val: 0x00938003
page_table_entry : 313	 val: 0x00939003
page_table_entry : 314	 val: 0x0093A003
page_table_entry : 315	 val: 0x0093B003
page_table_entry : 316	 val: 0x0093C003
page_table_entry : 317	 val: 0x0093D003
page_table_entry : 318	 val: 0x0093E003
page_table_entry : 319	 val: 0x0093F003
page_table_entry : 320	 val: 0x00940003
page_table_entry : 321	 val: 0x00941003
page_table_entry : 322	 val: 0x00942003
page_table_entry : 323	 val: 0x00943003
page_table_entry : 324	 val: 0x00944003
page_table_entry : 325	 val: 0x00945003
page_table_entry : 326	 val: 0x00946003
page_table_entry : 327	 val: 0x00947003
page_table_entry : 328	 val: 0x00948003
page_table_entry : 329	 val: 0x00949003
page_table_entry : 330	 val: 0x0094A003
page_table_entry : 331	 val: 0x0094B003
page_table_entry : 332	 val: 0x0094C003
page_table_entry : 333	 val: 0x0094D003
page_table_entry : 334	 val: 0x0094E003
page_table_entry : 335	 val: 0x0094F003
page_table_entry : 336	 val: 0x00950003
page_table_entry : 337	 val: 0x00951003
page_table_entry : 338	 val: 0x00952003
page_table_entry : 339	 val: 0x00953003
page_table_entry : 340	 val: 0x00954003
page_table_entry : 341	 val: 0x00955003
page_table_entry : 342	 val: 0x00956003
page_table_entry : 343	 val: 0x00957003
page_table_entry : 344	 val: 0x00958003
page_table_entry : 345	 val: 0x00959003
page_table_entry : 346	 val: 0x0095A003
page_table_entry : 347	 val: 0x0095B003
page_table_entry : 348	 val: 0x0095C003
page_table_entry : 349	 val: 0x0095D003
page_table_entry : 350	 val: 0x0095E003
page_table_entry : 351	 val: 0x0095F003
page_table_entry : 352	 val: 0x00960003
page_table_entry : 353	 val: 0x00961003
page_table_entry : 354	 val: 0x00962003
page_table_entry : 355	 val: 0x00963003
page_table_entry : 356	 val: 0x00964003
page_table_entry : 357	 val: 0x00965003
page_table_entry : 358	 val: 0x00966003
page_table_entry : 359	 val: 0x00967003
page_table_entry : 360	 val: 0x00968003
page_table_entry : 361	 val: 0x00969003
page_table_entry : 362	 val: 0x0096A003
page_table_entry : 363	 val: 0x0096B003
page_table_entry : 364	 val: 0x0096C003
page_table_entry : 365	 val: 0x0096D003
page_table_entry : 366	 val: 0x0096E003
page_table_entry : 367	 val: 0x0096F003
page_table_entry : 368	 val: 0x00970003
page_table_entry : 369	 val: 0x00971003
page_table_entry : 370	 val: 0x00972003
page_table_entry : 371	 val: 0x00973003
page_table_entry : 372	 val: 0x00974003
page_table_entry : 373	 val: 0x00975003
page_table_entry : 374	 val: 0x00976003
page_table_entry : 375	 val: 0x00977003
page_table_entry : 376	 val: 0x00978003
page_table_entry : 377	 val: 0x00979003
page_table_entry : 378	 val: 0x0097A003
page_table_entry : 379	 val: 0x0097B003
page_table_entry : 380	 val: 0x0097C003
page_table_entry : 381	 val: 0x0097D003
page_table_entry : 382	 val: 0x0097E003
page_table_entry : 383	 val: 0x0097F003
page_table_entry : 384	 val: 0x00980003
page_table_entry : 385	 val: 0x00981003
page_table_entry : 386	 val: 0x00982003
page_table_entry : 387	 val: 0x00983003
page_table_entry : 388	 val: 0x00984003
page_table_entry : 389	 val: 0x00985003
page_table_entry : 390	 val: 0x00986003
page_table_entry : 391	 val: 0x00987003
page_table_entry : 392	 val: 0x00988003
page_table_entry : 393	 val: 0x00989003
page_table_entry : 394	 val: 0x0098A003
page_table_entry : 395	 val: 0x0098B003
page_table_entry : 396	 val: 0x0098C003
page_table_entry : 397	 val: 0x0098D003
page_table_entry : 398	 val: 0x0098E003
page_table_entry : 399	 val: 0x0098F003
page_table_entry : 400	 val: 0x00990003
page_table_entry : 401	 val: 0x00991003
page_table_entry : 402	 val: 0x00992003
page_table_entry : 403	 val: 0x00993003
page_table_entry : 404	 val: 0x00994003
page_table_entry : 405	 val: 0x00995003
page_table_entry : 406	 val: 0x00996003
page_table_entry : 407	 val: 0x00997003
page_table_entry : 408	 val: 0x00998003
page_table_entry : 409	 val: 0x00999003
page_table_entry : 410	 val: 0x0099A003
page_table_entry : 411	 val: 0x0099B003
page_table_entry : 412	 val: 0x0099C003
page_table_entry : 413	 val: 0x0099D003
page_table_entry : 414	 val: 0x0099E003
page_table_entry : 415	 val: 0x0099F003
page_table_entry : 416	 val: 0x009A0003
page_table_entry : 417	 val: 0x009A1003
page_table_entry : 418	 val: 0x009A2003
page_table_entry : 419	 val: 0x009A3003
page_table_entry : 420	 val: 0x009A4003
page_table_entry : 421	 val: 0x009A5003
page_table_entry : 422	 val: 0x009A6003
page_table_entry : 423	 val: 0x009A7003
page_table_entry : 424	 val: 0x009A8003
page_table_entry : 425	 val: 0x009A9003
page_table_entry : 426	 val: 0x009AA003
page_table_entry : 427	 val: 0x009AB003
page_table_entry : 428	 val: 0x009AC003
page_table_entry : 429	 val: 0x009AD003
page_table_entry : 430	 val: 0x009AE003
page_table_entry : 431	 val: 0x009AF003
page_table_entry : 432	 val: 0x009B0003
page_table_entry : 433	 val: 0x009B1003
page_table_entry : 434	 val: 0x009B2003
page_table_entry : 435	 val: 0x009B3003
page_table_entry : 436	 val: 0x009B4003
page_table_entry : 437	 val: 0x009B5003
page_table_entry : 438	 val: 0x009B6003
page_table_entry : 439	 val: 0x009B7003
page_table_entry : 440	 val: 0x009B8003
page_table_entry : 441	 val: 0x009B9003
page_table_entry : 442	 val: 0x009BA003
page_table_entry : 443	 val: 0x009BB003
page_table_entry : 444	 val: 0x009BC003
page_table_entry : 445	 val: 0x009BD003
page_table_entry : 446	 val: 0x009BE003
page_table_entry : 447	 val: 0x009BF003
page_table_entry : 448	 val: 0x009C0003
page_table_entry : 449	 val: 0x009C1003
page_table_entry : 450	 val: 0x009C2003
page_table_entry : 451	 val: 0x009C3003
page_table_entry : 452	 val: 0x009C4003
page_table_entry : 453	 val: 0x009C5003
page_table_entry : 454	 val: 0x009C6003
page_table_entry : 455	 val: 0x009C7003
page_table_entry : 456	 val: 0x009C8003
page_table_entry : 457	 val: 0x009C9003
page_table_entry : 458	 val: 0x009CA003
page_table_entry : 459	 val: 0x009CB003
page_table_entry : 460	 val: 0x009CC003
page_table_entry : 461	 val: 0x009CD003
page_table_entry : 462	 val: 0x009CE003
page_table_entry : 463	 val: 0x009CF003
page_table_entry : 464	 val: 0x009D0003
page_table_entry : 465	 val: 0x009D1003
page_table_entry : 466	 val: 0x009D2003
page_table_entry : 467	 val: 0x009D3003
page_table_entry : 468	 val: 0x009D4003
page_table_entry : 469	 val: 0x009D5003
page_table_entry : 470	 val: 0x009D6003
page_table_entry : 471	 val: 0x009D7003
page_table_entry : 472	 val: 0x009D8003
page_table_entry : 473	 val: 0x009D9003
page_table_entry : 474	 val: 0x009DA003
page_table_entry : 475	 val: 0x009DB003
page_table_entry : 476	 val: 0x009DC003
page_table_entry : 477	 val: 0x009DD003
page_table_entry : 478	 val: 0x009DE003
page_table_entry : 479	 val: 0x009DF003
page_table_entry : 480	 val: 0x009E0003
page_table_entry : 481	 val: 0x009E1003
page_table_entry : 482	 val: 0x009E2003
page_table_entry : 483	 val: 0x009E3003
page_table_entry : 484	 val: 0x009E4003
page_table_entry : 485	 val: 0x009E5003
page_table_entry : 486	 val: 0x009E6003
page_table_entry : 487	 val: 0x009E7003
page_table_entry : 488	 val: 0x009E8003
page_table_entry : 489	 val: 0x009E9003
page_table_entry : 490	 val: 0x009EA003
page_table_entry : 491	 val: 0x009EB003
page_table_entry : 492	 val: 0x009EC003
page_table_entry : 493	 val: 0x009ED003
page_table_entry : 494	 val: 0x009EE003
page_table_entry : 495	 val: 0x009EF003
page_table_entry : 496	 val: 0x009F0003
page_table_entry : 497	 val: 0x009F1003
page_table_entry : 498	 val: 0x009F2003
page_table_entry : 499	 val: 0x009F3003
page_table_entry : 500	 val: 0x009F4003
page_table_entry : 501	 val: 0x009F5003
page_table_entry : 502	 val: 0x009F6003
page_table_entry : 503	 val: 0x009F7003
page_table_entry : 504	 val: 0x009F8003
page_table_entry : 505	 val: 0x009F9003
page_table_entry : 506	 val: 0x009FA003
page_table_entry : 507	 val: 0x009FB003
page_table_entry : 508	 val: 0x009FC003
page_table_entry : 509	 val: 0x009FD003
page_table_entry : 510	 val: 0x009FE003
page_table_entry : 511	 val: 0x009FF003
page_table_entry : 512	 val: 0x00A00003
page_table_entry : 513	 val: 0x00A01003
page_table_entry : 514	 val: 0x00A02003
page_table_entry : 515	 val: 0x00A03003
page_table_entry : 516	 val: 0x00A04003
page_table_entry : 517	 val: 0x00A05003
page_table_entry : 518	 val: 0x00A06003
page_table_entry : 519	 val: 0x00A07003
page_table_entry : 520	 val: 0x00A08003
page_table_entry : 521	 val: 0x00A09003
page_table_entry : 522	 val: 0x00A0A003
page_table_entry : 523	 val: 0x00A0B003
page_table_entry : 524	 val: 0x00A0C003
page_table_entry : 525	 val: 0x00A0D003
page_table_entry : 526	 val: 0x00A0E003
page_table_entry : 527	 val: 0x00A0F003
page_table_entry : 528	 val: 0x00A10003
page_table_entry : 529	 val: 0x00A11003
page_table_entry : 530	 val: 0x00A12003
page_table_entry : 531	 val: 0x00A13003
page_table_entry : 532	 val: 0x00A14003
page_table_entry : 533	 val: 0x00A15003
page_table_entry : 534	 val: 0x00A16003
page_table_entry : 535	 val: 0x00A17003
page_table_entry : 536	 val: 0x00A18003
page_table_entry : 537	 val: 0x00A19003
page_table_entry : 538	 val: 0x00A1A003
page_table_entry : 539	 val: 0x00A1B003
page_table_entry : 540	 val: 0x00A1C003
page_table_entry : 541	 val: 0x00A1D003
page_table_entry : 542	 val: 0x00A1E003
page_table_entry : 543	 val: 0x00A1F003
page_table_entry : 544	 val: 0x00A20003
page_table_entry : 545	 val: 0x00A21003
page_table_entry : 546	 val: 0x00A22003
page_table_entry : 547	 val: 0x00A23003
page_table_entry : 548	 val: 0x00A24003
page_table_entry : 549	 val: 0x00A25003
page_table_entry : 550	 val: 0x00A26003
page_table_entry : 551	 val: 0x00A27003
page_table_entry : 552	 val: 0x00A28003
page_table_entry : 553	 val: 0x00A29003
page_table_entry : 554	 val: 0x00A2A003
page_table_entry : 555	 val: 0x00A2B003
page_table_entry : 556	 val: 0x00A2C003
page_table_entry : 557	 val: 0x00A2D003
page_table_entry : 558	 val: 0x00A2E003
page_table_entry : 559	 val: 0x00A2F003
page_table_entry : 560	 val: 0x00A30003
page_table_entry : 561	 val: 0x00A31003
page_table_entry : 562	 val: 0x00A32003
page_table_entry : 563	 val: 0x00A33003
page_table_entry : 564	 val: 0x00A34003
page_table_entry : 565	 val: 0x00A35003
page_table_entry : 566	 val: 0x00A36003
page_table_entry : 567	 val: 0x00A37003
page_table_entry : 568	 val: 0x00A38003
page_table_entry : 569	 val: 0x00A39003
page_table_entry : 570	 val: 0x00A3A003
page_table_entry : 571	 val: 0x00A3B003
page_table_entry : 572	 val: 0x00A3C003
page_table_entry : 573	 val: 0x00A3D003
page_table_entry : 574	 val: 0x00A3E003
page_table_entry : 575	 val: 0x00A3F003
page_table_entry : 576	 val: 0x00A40003
page_table_entry : 577	 val: 0x00A41003
page_table_entry : 578	 val: 0x00A42003
page_table_entry : 579	 val: 0x00A43003
page_table_entry : 580	 val: 0x00A44003
page_table_entry : 581	 val: 0x00A45003
page_table_entry : 582	 val: 0x00A46003
page_table_entry : 583	 val: 0x00A47003
page_table_entry : 584	 val: 0x00A48003
page_table_entry : 585	 val: 0x00A49003
page_table_entry : 586	 val: 0x00A4A003
page_table_entry : 587	 val: 0x00A4B003
page_table_entry : 588	 val: 0x00A4C003
page_table_entry : 589	 val: 0x00A4D003
page_table_entry : 590	 val: 0x00A4E003
page_table_entry : 591	 val: 0x00A4F003
page_table_entry : 592	 val: 0x00A50003
page_table_entry : 593	 val: 0x00A51003
page_table_entry : 594	 val: 0x00A52003
page_table_entry : 595	 val: 0x00A53003
page_table_entry : 596	 val: 0x00A54003
page_table_entry : 597	 val: 0x00A55003
page_table_entry : 598	 val: 0x00A56003
page_table_entry : 599	 val: 0x00A57003
page_table_entry : 600	 val: 0x00A58003
page_table_entry : 601	 val: 0x00A59003
page_table_entry : 602	 val: 0x00A5A003
page_table_entry : 603	 val: 0x00A5B003
page_table_entry : 604	 val: 0x00A5C003
page_table_entry : 605	 val: 0x00A5D003
page_table_entry : 606	 val: 0x00A5E003
page_table_entry : 607	 val: 0x00A5F003
page_table_entry : 608	 val: 0x00A60003
page_table_entry : 609	 val: 0x00A61003
page_table_entry : 610	 val: 0x00A62003
page_table_entry : 611	 val: 0x00A63003
page_table_entry : 612	 val: 0x00A64003
page_table_entry : 613	 val: 0x00A65003
page_table_entry : 614	 val: 0x00A66003
page_table_entry : 615	 val: 0x00A67003
page_table_entry : 616	 val: 0x00A68003
page_table_entry : 617	 val: 0x00A69003
page_table_entry : 618	 val: 0x00A6A003
page_table_entry : 619	 val: 0x00A6B003
page_table_entry : 620	 val: 0x00A6C003
page_table_entry : 621	 val: 0x00A6D003
page_table_entry : 622	 val: 0x00A6E003
page_table_entry : 623	 val: 0x00A6F003
page_table_entry : 624	 val: 0x00A70003
page_table_entry : 625	 val: 0x00A71003
page_table_entry : 626	 val: 0x00A72003
page_table_entry : 627	 val: 0x00A73003
page_table_entry : 628	 val: 0x00A74003
page_table_entry : 629	 val: 0x00A75003
page_table_entry : 630	 val: 0x00A76003
page_table_entry : 631	 val: 0x00A77003
page_table_entry : 632	 val: 0x00A78003
page_table_entry : 633	 val: 0x00A79003
page_table_entry : 634	 val: 0x00A7A003
page_table_entry : 635	 val: 0x00A7B003
page_table_entry : 636	 val: 0x00A7C003
page_table_entry : 637	 val: 0x00A7D003
page_table_entry : 638	 val: 0x00A7E003
page_table_entry : 639	 val: 0x00A7F003
page_table_entry : 640	 val: 0x00A80003
page_table_entry : 641	 val: 0x00A81003
page_table_entry : 642	 val: 0x00A82003
page_table_entry : 643	 val: 0x00A83003
page_table_entry : 644	 val: 0x00A84003
page_table_entry : 645	 val: 0x00A85003
page_table_entry : 646	 val: 0x00A86003
page_table_entry : 647	 val: 0x00A87003
page_table_entry : 648	 val: 0x00A88003
page_table_entry : 649	 val: 0x00A89003
page_table_entry : 650	 val: 0x00A8A003
page_table_entry : 651	 val: 0x00A8B003
page_table_entry : 652	 val: 0x00A8C003
page_table_entry : 653	 val: 0x00A8D003
page_table_entry : 654	 val: 0x00A8E003
page_table_entry : 655	 val: 0x00A8F003
page_table_entry : 656	 val: 0x00A90003
page_table_entry : 657	 val: 0x00A91003
page_table_entry : 658	 val: 0x00A92003
page_table_entry : 659	 val: 0x00A93003
page_table_entry : 660	 val: 0x00A94003
page_table_entry : 661	 val: 0x00A95003
page_table_entry : 662	 val: 0x00A96003
page_table_entry : 663	 val: 0x00A97003
page_table_entry : 664	 val: 0x00A98003
page_table_entry : 665	 val: 0x00A99003
page_table_entry : 666	 val: 0x00A9A003
page_table_entry : 667	 val: 0x00A9B003
page_table_entry : 668	 val: 0x00A9C003
page_table_entry : 669	 val: 0x00A9D003
page_table_entry : 670	 val: 0x00A9E003
page_table_entry : 671	 val: 0x00A9F003
page_table_entry : 672	 val: 0x00AA0003
page_table_entry : 673	 val: 0x00AA1003
page_table_entry : 674	 val: 0x00AA2003
page_table_entry : 675	 val: 0x00AA3003
page_table_entry : 676	 val: 0x00AA4003
page_table_entry : 677	 val: 0x00AA5003
page_table_entry : 678	 val: 0x00AA6003
page_table_entry : 679	 val: 0x00AA7003
page_table_entry : 680	 val: 0x00AA8003
page_table_entry : 681	 val: 0x00AA9003
page_table_entry : 682	 val: 0x00AAA003
page_table_entry : 683	 val: 0x00AAB003
page_table_entry : 684	 val: 0x00AAC003
page_table_entry : 685	 val: 0x00AAD003
page_table_entry : 686	 val: 0x00AAE003
page_table_entry : 687	 val: 0x00AAF003
page_table_entry : 688	 val: 0x00AB0003
page_table_entry : 689	 val: 0x00AB1003
page_table_entry : 690	 val: 0x00AB2003
page_table_entry : 691	 val: 0x00AB3003
page_table_entry : 692	 val: 0x00AB4003
page_table_entry : 693	 val: 0x00AB5003
page_table_entry : 694	 val: 0x00AB6003
page_table_entry : 695	 val: 0x00AB7003
page_table_entry : 696	 val: 0x00AB8003
page_table_entry : 697	 val: 0x00AB9003
page_table_entry : 698	 val: 0x00ABA003
page_table_entry : 699	 val: 0x00ABB003
page_table_entry : 700	 val: 0x00ABC003
page_table_entry : 701	 val: 0x00ABD003
page_table_entry : 702	 val: 0x00ABE003
page_table_entry : 703	 val: 0x00ABF003
page_table_entry : 704	 val: 0x00AC0003
page_table_entry : 705	 val: 0x00AC1003
page_table_entry : 706	 val: 0x00AC2003
page_table_entry : 707	 val: 0x00AC3003
page_table_entry : 708	 val: 0x00AC4003
page_table_entry : 709	 val: 0x00AC5003
page_table_entry : 710	 val: 0x00AC6003
page_table_entry : 711	 val: 0x00AC7003
page_table_entry : 712	 val: 0x00AC8003
page_table_entry : 713	 val: 0x00AC9003
page_table_entry : 714	 val: 0x00ACA003
page_table_entry : 715	 val: 0x00ACB003
page_table_entry : 716	 val: 0x00ACC003
page_table_entry : 717	 val: 0x00ACD003
page_table_entry : 718	 val: 0x00ACE003
page_table_entry : 719	 val: 0x00ACF003
page_table_entry : 720	 val: 0x00AD0003
page_table_entry : 721	 val: 0x00AD1003
page_table_entry : 722	 val: 0x00AD2003
page_table_entry : 723	 val: 0x00AD3003
page_table_entry : 724	 val: 0x00AD4003
page_table_entry : 725	 val: 0x00AD5003
page_table_entry : 726	 val: 0x00AD6003
page_table_entry : 727	 val: 0x00AD7003
page_table_entry : 728	 val: 0x00AD8003
page_table_entry : 729	 val: 0x00AD9003
page_table_entry : 730	 val: 0x00ADA003
page_table_entry : 731	 val: 0x00ADB003
page_table_entry : 732	 val: 0x00ADC003
page_table_entry : 733	 val: 0x00ADD003
page_table_entry : 734	 val: 0x00ADE003
page_table_entry : 735	 val: 0x00ADF003
page_table_entry : 736	 val: 0x00AE0003
page_table_entry : 737	 val: 0x00AE1003
page_table_entry : 738	 val: 0x00AE2003
page_table_entry : 739	 val: 0x00AE3003
page_table_entry : 740	 val: 0x00AE4003
page_table_entry : 741	 val: 0x00AE5003
page_table_entry : 742	 val: 0x00AE6003
page_table_entry : 743	 val: 0x00AE7003
page_table_entry : 744	 val: 0x00AE8003
page_table_entry : 745	 val: 0x00AE9003
page_table_entry : 746	 val: 0x00AEA003
page_table_entry : 747	 val: 0x00AEB003
page_table_entry : 748	 val: 0x00AEC003
page_table_entry : 749	 val: 0x00AED003
page_table_entry : 750	 val: 0x00AEE003
page_table_entry : 751	 val: 0x00AEF003
page_table_entry : 752	 val: 0x00AF0003
page_table_entry : 753	 val: 0x00AF1003
page_table_entry : 754	 val: 0x00AF2003
page_table_entry : 755	 val: 0x00AF3003
page_table_entry : 756	 val: 0x00AF4003
page_table_entry : 757	 val: 0x00AF5003
page_table_entry : 758	 val: 0x00AF6003
page_table_entry : 759	 val: 0x00AF7003
page_table_entry : 760	 val: 0x00AF8003
page_table_entry : 761	 val: 0x00AF9003
page_table_entry : 762	 val: 0x00AFA003
page_table_entry : 763	 val: 0x00AFB003
page_table_entry : 764	 val: 0x00AFC003
page_table_entry : 765	 val: 0x00AFD003
page_table_entry : 766	 val: 0x00AFE003
page_table_entry : 767	 val: 0x00AFF003
page_table_entry : 768	 val: 0x00B00003
page_table_entry : 769	 val: 0x00B01003
page_table_entry : 770	 val: 0x00B02003
page_table_entry : 771	 val: 0x00B03003
page_table_entry : 772	 val: 0x00B04003
page_table_entry : 773	 val: 0x00B05003
page_table_entry : 774	 val: 0x00B06003
page_table_entry : 775	 val: 0x00B07003
page_table_entry : 776	 val: 0x00B08003
page_table_entry : 777	 val: 0x00B09003
page_table_entry : 778	 val: 0x00B0A003
page_table_entry : 779	 val: 0x00B0B003
page_table_entry : 780	 val: 0x00B0C003
page_table_entry : 781	 val: 0x00B0D003
page_table_entry : 782	 val: 0x00B0E003
page_table_entry : 783	 val: 0x00B0F003
page_table_entry : 784	 val: 0x00B10003
page_table_entry : 785	 val: 0x00B11003
page_table_entry : 786	 val: 0x00B12003
page_table_entry : 787	 val: 0x00B13003
page_table_entry : 788	 val: 0x00B14003
page_table_entry : 789	 val: 0x00B15003
page_table_entry : 790	 val: 0x00B16003
page_table_entry : 791	 val: 0x00B17003
page_table_entry : 792	 val: 0x00B18003
page_table_entry : 793	 val: 0x00B19003
page_table_entry : 794	 val: 0x00B1A003
page_table_entry : 795	 val: 0x00B1B003
page_table_entry : 796	 val: 0x00B1C003
page_table_entry : 797	 val: 0x00B1D003
page_table_entry : 798	 val: 0x00B1E003
page_table_entry : 799	 val: 0x00B1F003
page_table_entry : 800	 val: 0x00B20003
page_table_entry : 801	 val: 0x00B21003
page_table_entry : 802	 val: 0x00B22003
page_table_entry : 803	 val: 0x00B23003
page_table_entry : 804	 val: 0x00B24003
page_table_entry : 805	 val: 0x00B25003
page_table_entry : 806	 val: 0x00B26003
page_table_entry : 807	 val: 0x00B27003
page_table_entry : 808	 val: 0x00B28003
page_table_entry : 809	 val: 0x00B29003
page_table_entry : 810	 val: 0x00B2A003
page_table_entry : 811	 val: 0x00B2B003
page_table_entry : 812	 val: 0x00B2C003
page_table_entry : 813	 val: 0x00B2D003
page_table_entry : 814	 val: 0x00B2E003
page_table_entry : 815	 val: 0x00B2F003
page_table_entry : 816	 val: 0x00B30003
page_table_entry : 817	 val: 0x00B31003
page_table_entry : 818	 val: 0x00B32003
page_table_entry : 819	 val: 0x00B33003
page_table_entry : 820	 val: 0x00B34003
page_table_entry : 821	 val: 0x00B35003
page_table_entry : 822	 val: 0x00B36003
page_table_entry : 823	 val: 0x00B37003
page_table_entry : 824	 val: 0x00B38003
page_table_entry : 825	 val: 0x00B39003
page_table_entry : 826	 val: 0x00B3A003
page_table_entry : 827	 val: 0x00B3B003
page_table_entry : 828	 val: 0x00B3C003
page_table_entry : 829	 val: 0x00B3D003
page_table_entry : 830	 val: 0x00B3E003
page_table_entry : 831	 val: 0x00B3F003
page_table_entry : 832	 val: 0x00B40003
page_table_entry : 833	 val: 0x00B41003
page_table_entry : 834	 val: 0x00B42003
page_table_entry : 835	 val: 0x00B43003
page_table_entry : 836	 val: 0x00B44003
page_table_entry : 837	 val: 0x00B45003
page_table_entry : 838	 val: 0x00B46003
page_table_entry : 839	 val: 0x00B47003
page_table_entry : 840	 val: 0x00B48003
page_table_entry : 841	 val: 0x00B49003
page_table_entry : 842	 val: 0x00B4A003
page_table_entry : 843	 val: 0x00B4B003
page_table_entry : 844	 val: 0x00B4C003
page_table_entry : 845	 val: 0x00B4D003
page_table_entry : 846	 val: 0x00B4E003
page_table_entry : 847	 val: 0x00B4F003
page_table_entry : 848	 val: 0x00B50003
page_table_entry : 849	 val: 0x00B51003
page_table_entry : 850	 val: 0x00B52003
page_table_entry : 851	 val: 0x00B53003
page_table_entry : 852	 val: 0x00B54003
page_table_entry : 853	 val: 0x00B55003
page_table_entry : 854	 val: 0x00B56003
page_table_entry : 855	 val: 0x00B57003
page_table_entry : 856	 val: 0x00B58003
page_table_entry : 857	 val: 0x00B59003
page_table_entry : 858	 val: 0x00B5A003
page_table_entry : 859	 val: 0x00B5B003
page_table_entry : 860	 val: 0x00B5C003
page_table_entry : 861	 val: 0x00B5D003
page_table_entry : 862	 val: 0x00B5E003
page_table_entry : 863	 val: 0x00B5F003
page_table_entry : 864	 val: 0x00B60003
page_table_entry : 865	 val: 0x00B61003
page_table_entry : 866	 val: 0x00B62003
page_table_entry : 867	 val: 0x00B63003
page_table_entry : 868	 val: 0x00B64003
page_table_entry : 869	 val: 0x00B65003
page_table_entry : 870	 val: 0x00B66003
page_table_entry : 871	 val: 0x00B67003
page_table_entry : 872	 val: 0x00B68003
page_table_entry : 873	 val: 0x00B69003
page_table_entry : 874	 val: 0x00B6A003
page_table_entry : 875	 val: 0x00B6B003
page_table_entry : 876	 val: 0x00B6C003
page_table_entry : 877	 val: 0x00B6D003
page_table_entry : 878	 val: 0x00B6E003
page_table_entry : 879	 val: 0x00B6F003
page_table_entry : 880	 val: 0x00B70003
page_table_entry : 881	 val: 0x00B71003
page_table_entry : 882	 val: 0x00B72003
page_table_entry : 883	 val: 0x00B73003
page_table_entry : 884	 val: 0x00B74003
page_table_entry : 885	 val: 0x00B75003
page_table_entry : 886	 val: 0x00B76003
page_table_entry : 887	 val: 0x00B77003
page_table_entry : 888	 val: 0x00B78003
page_table_entry : 889	 val: 0x00B79003
page_table_entry : 890	 val: 0x00B7A003
page_table_entry : 891	 val: 0x00B7B003
page_table_entry : 892	 val: 0x00B7C003
page_table_entry : 893	 val: 0x00B7D003
page_table_entry : 894	 val: 0x00B7E003
page_table_entry : 895	 val: 0x00B7F003
page_table_entry : 896	 val: 0x00B80003
page_table_entry : 897	 val: 0x00B81003
page_table_entry : 898	 val: 0x00B82003
page_table_entry : 899	 val: 0x00B83003
page_table_entry : 900	 val: 0x00B84003
page_table_entry : 901	 val: 0x00B85003
page_table_entry : 902	 val: 0x00B86003
page_table_entry : 903	 val: 0x00B87003
page_table_entry : 904	 val: 0x00B88003
page_table_entry : 905	 val: 0x00B89003
page_table_entry : 906	 val: 0x00B8A003
page_table_entry : 907	 val: 0x00B8B003
page_table_entry : 908	 val: 0x00B8C003
page_table_entry : 909	 val: 0x00B8D003
page_table_entry : 910	 val: 0x00B8E003
page_table_entry : 911	 val: 0x00B8F003
page_table_entry : 912	 val: 0x00B90003
page_table_entry : 913	 val: 0x00B91003
page_table_entry : 914	 val: 0x00B92003
page_table_entry : 915	 val: 0x00B93003
page_table_entry : 916	 val: 0x00B94003
page_table_entry : 917	 val: 0x00B95003
page_table_entry : 918	 val: 0x00B96003
page_table_entry : 919	 val: 0x00B97003
page_table_entry : 920	 val: 0x00B98003
page_table_entry : 921	 val: 0x00B99003
page_table_entry : 922	 val: 0x00B9A003
page_table_entry : 923	 val: 0x00B9B003
page_table_entry : 924	 val: 0x00B9C003
page_table_entry : 925	 val: 0x00B9D003
page_table_entry : 926	 val: 0x00B9E003
page_table_entry : 927	 val: 0x00B9F003
page_table_entry : 928	 val: 0x00BA0003
page_table_entry : 929	 val: 0x00BA1003
page_table_entry : 930	 val: 0x00BA2003
page_table_entry : 931	 val: 0x00BA3003
page_table_entry : 932	 val: 0x00BA4003
page_table_entry : 933	 val: 0x00BA5003
page_table_entry : 934	 val: 0x00BA6003
page_table_entry : 935	 val: 0x00BA7003
page_table_entry : 936	 val: 0x00BA8003
page_table_entry : 937	 val: 0x00BA9003
page_table_entry : 938	 val: 0x00BAA003
page_table_entry : 939	 val: 0x00BAB003
page_table_entry : 940	 val: 0x00BAC003
page_table_entry : 941	 val: 0x00BAD003
page_table_entry : 942	 val: 0x00BAE003
page_table_entry : 943	 val: 0x00BAF003
page_table_entry : 944	 val: 0x00BB0003
page_table_entry : 945	 val: 0x00BB1003
page_table_entry : 946	 val: 0x00BB2003
page_table_entry : 947	 val: 0x00BB3003
page_table_entry : 948	 val: 0x00BB4003
page_table_entry : 949	 val: 0x00BB5003
page_table_entry : 950	 val: 0x00BB6003
page_table_entry : 951	 val: 0x00BB7003
page_table_entry : 952	 val: 0x00BB8003
page_table_entry : 953	 val: 0x00BB9003
page_table_entry : 954	 val: 0x00BBA003
page_table_entry : 955	 val: 0x00BBB003
page_table_entry : 956	 val: 0x00BBC003
page_table_entry : 957	 val: 0x00BBD003
page_table_entry : 958	 val: 0x00BBE003
page_table_entry : 959	 val: 0x00BBF003
page_table_entry : 960	 val: 0x00BC0003
page_table_entry : 961	 val: 0x00BC1003
page_table_entry : 962	 val: 0x00BC2003
page_table_entry : 963	 val: 0x00BC3003
page_table_entry : 964	 val: 0x00BC4003
page_table_entry : 965	 val: 0x00BC5003
page_table_entry : 966	 val: 0x00BC6003
page_table_entry : 967	 val: 0x00BC7003
page_table_entry : 968	 val: 0x00BC8003
page_table_entry : 969	 val: 0x00BC9003
page_table_entry : 970	 val: 0x00BCA003
page_table_entry : 971	 val: 0x00BCB003
page_table_entry : 972	 val: 0x00BCC003
page_table_entry : 973	 val: 0x00BCD003
page_table_entry : 974	 val: 0x00BCE003
page_table_entry : 975	 val: 0x00BCF003
page_table_entry : 976	 val: 0x00BD0003
page_table_entry : 977	 val: 0x00BD1003
page_table_entry : 978	 val: 0x00BD2003
page_table_entry : 979	 val: 0x00BD3003
page_table_entry : 980	 val: 0x00BD4003
page_table_entry : 981	 val: 0x00BD5003
page_table_entry : 982	 val: 0x00BD6003
page_table_entry : 983	 val: 0x00BD7003
page_table_entry : 984	 val: 0x00BD8003
page_table_entry : 985	 val: 0x00BD9003
page_table_entry : 986	 val: 0x00BDA003
page_table_entry : 987	 val: 0x00BDB003
page_table_entry : 988	 val: 0x00BDC003
page_table_entry : 989	 val: 0x00BDD003
page_table_entry : 990	 val: 0x00BDE003
page_table_entry : 991	 val: 0x00BDF003
page_table_entry : 992	 val: 0x00BE0003
page_table_entry : 993	 val: 0x00BE1003
page_table_entry : 994	 val: 0x00BE2003
page_table_entry : 995	 val: 0x00BE3003
page_table_entry : 996	 val: 0x00BE4003
page_table_entry : 997	 val: 0x00BE5003
page_table_entry : 998	 val: 0x00BE6003
page_table_entry : 999	 val: 0x00BE7003
page_table_entry : 1000	 val: 0x00BE8003
page_table_entry : 1001	 val: 0x00BE9003
page_table_entry : 1002	 val: 0x00BEA003
page_table_entry : 1003	 val: 0x00BEB003
page_table_entry : 1004	 val: 0x00BEC003
page_table_entry : 1005	 val: 0x00BED003
page_table_entry : 1006	 val: 0x00BEE003
page_table_entry : 1007	 val: 0x00BEF003
page_table_entry : 1008	 val: 0x00BF0003
page_table_entry : 1009	 val: 0x00BF1003
page_table_entry : 1010	 val: 0x00BF2003
page_table_entry : 1011	 val: 0x00BF3003
page_table_entry : 1012	 val: 0x00BF4003
page_table_entry : 1013	 val: 0x00BF5003
page_table_entry : 1014	 val: 0x00BF6003
page_table_entry : 1015	 val: 0x00BF7003
page_table_entry : 1016	 val: 0x00BF8003
page_table_entry : 1017	 val: 0x00BF9003
page_table_entry : 1018	 val: 0x00BFA003
page_table_entry : 1019	 val: 0x00BFB003
page_table_entry : 1020	 val: 0x00BFC003
page_table_entry : 1021	 val: 0x00BFD003
page_table_entry : 1022	 val: 0x00BFE003
page_table_entry : 1023	 val: 0x00BFF003
swapper_pg_dir addr is : 0x0020F000
paging enabled, cr0:  0x80000011
testing mmu 
0x00003000
 page no is  : 0x00000003
page->flags : page is taken
va value is 0x00005555

pa value is 0x00005555
after release page->flags : page is free
va to page is 0x00000002
pa to page is 0x00000002

 mmu working 

iPrev starts from : 3
 found reserved block at  : 159
 completed largest block from : 565 till : 1588

 completed largest block from : 1589 till : 2612

 completed largest block from : 2613 till : 3636
----------------------showing buddy---------------------------
order  is empty : 0x00000000
order  is not empty : 1
 bCnt : 0 page_no: 155 
order  is not empty : 2
 bCnt : 0 page_no: 147 
order  is not empty : 3
 bCnt : 0 page_no: 131 
order  is empty : 0x00000004
order  is empty : 0x00000005
order  is not empty : 6
 bCnt : 0 page_no: 3 
order  is empty : 0x00000007
order  is empty : 0x00000008
order  is not empty : 9
 bCnt : 0 page_no: 2613 
 bCnt : 1 page_no: 1589 
 bCnt : 2 page_no: 565 
order  is empty : 0x0000000A
showing buddy after allocate_block 1 
----------------------showing buddy---------------------------
order  is empty : 0x00000000
order  is not empty : 1
 bCnt : 0 page_no: 155 
order  is not empty : 2
 bCnt : 0 page_no: 147 
order  is not empty : 3
 bCnt : 0 page_no: 131 
order  is empty : 0x00000004
order  is empty : 0x00000005
order  is not empty : 6
 bCnt : 0 page_no: 3 
order  is empty : 0x00000007
order  is not empty : 8
 bCnt : 0 page_no: 2869 
order  is not empty : 9
 bCnt : 0 page_no: 1589 
 bCnt : 1 page_no: 565 
order  is empty : 0x0000000A
showing buddy after allocate_block 2 
----------------------showing buddy---------------------------
order  is empty : 0x00000000
order  is not empty : 1
 bCnt : 0 page_no: 155 
order  is not empty : 2
 bCnt : 0 page_no: 147 
order  is not empty : 3
 bCnt : 0 page_no: 131 
order  is not empty : 4
 bCnt : 0 page_no: 19 
order  is not empty : 5
 bCnt : 0 page_no: 35 
order  is empty : 0x00000006
order  is empty : 0x00000007
order  is not empty : 8
 bCnt : 0 page_no: 2869 
order  is not empty : 9
 bCnt : 0 page_no: 1589 
 bCnt : 1 page_no: 565 
order  is empty : 0x0000000A
19
35
showing buddy after free_block 2 
----------------------showing buddy---------------------------
order  is empty : 0x00000000
order  is not empty : 1
 bCnt : 0 page_no: 155 
order  is not empty : 2
 bCnt : 0 page_no: 147 
order  is not empty : 3
 bCnt : 0 page_no: 131 
order  is empty : 0x00000004
order  is empty : 0x00000005
order  is not empty : 6
 bCnt : 0 page_no: 3 
order  is empty : 0x00000007
order  is not empty : 8
 bCnt : 0 page_no: 2869 
order  is not empty : 9
 bCnt : 0 page_no: 1589 
 bCnt : 1 page_no: 565 
order  is empty : 0x0000000A
2869
showing buddy after free_block 1 
----------------------showing buddy---------------------------
order  is empty : 0x00000000
order  is not empty : 1
 bCnt : 0 page_no: 155 
order  is not empty : 2
 bCnt : 0 page_no: 147 
order  is not empty : 3
 bCnt : 0 page_no: 131 
order  is empty : 0x00000004
order  is empty : 0x00000005
order  is not empty : 6
 bCnt : 0 page_no: 3 
order  is empty : 0x00000007
order  is empty : 0x00000008
order  is not empty : 9
 bCnt : 0 page_no: 2613 
 bCnt : 1 page_no: 1589 
 bCnt : 2 page_no: 565 
order  is empty : 0x0000000A
my page is : 0x00000001

 initializing slab

cache estimation gfp order: 
0x00000000
objsize: 
0x00000080
 nr_objs: 
0x0000001Fcache line size is 0x00000020left over is :96
inside kmem_cache_create for 
size-32

***************** cache-alloc-refill for cache: 0x002100C0*****************
displaying lists for cache : kmem_cache
=== Partial Slabs ===
=== Full Slabs ===
=== Free Slabs ===
slab partial is empty  and slab_free too 
must grow 
inside cache_grow  : 
kmem_getpages called for : 0x00000000
page no is : 0x0000009B
address of the first slab memory is : 
0x0009B000
address of the first slab desc is : 
0x0009B000
slab s_mem is
0x0009B020
number of objects are 
31
object size: 128
cachep->name: kmem_cache
after init objs free list points to : 0x0009B020
in slab_get_obj free_list points to :0x0009B020
in slab_get_obj objp points to :0x0009B020
displaying lists for cache : kmem_cache
=== Partial Slabs ===
displaying slab info
colour off is : 0x00000020
s_mem is : 0x0009B020
in_use : 0x00000001
free_list is : 0x0009B0A0
=== Full Slabs ===
=== Free Slabs ===

cachep as an object its address is : 0x0009B020

cache estimation gfp order: 
0x00000000
objsize: 
0x00000020
 nr_objs: 
0x0000007Fcache_estimate result is : 0x0000007F
calculating slab order, no of objects are : 0x0000007F
order is : 0x00000000
left over is : 0x00000000left over is : 0x00000000
close matching size is : 0x00000020

***************** cache-alloc-refill for cache: 0x0009B020*****************
displaying lists for cache : size-32
=== Partial Slabs ===
=== Full Slabs ===
=== Free Slabs ===
slab partial is empty  and slab_free too 
must grow 
inside cache_grow  : 
kmem_getpages called for : 0x00000000
page no is : 0x0000009C
address of the first slab memory is : 
0x0009C000
address of the first slab desc is : 
0x0009C000
slab s_mem is
0x0009C020
number of objects are 
127
object size: 32
cachep->name: size-32
after init objs free list points to : 0x0009C020
in slab_get_obj free_list points to :0x0009C020
in slab_get_obj objp points to :0x0009C020
displaying lists for cache : size-32
=== Partial Slabs ===
displaying slab info
colour off is : 0x00000020
s_mem is : 0x0009C020
in_use : 0x00000001
free_list is : 0x0009C040
=== Full Slabs ===
=== Free Slabs ===
close matching size is : 0x00000020

***************** cache-alloc-refill for cache: 0x0009B020*****************
displaying lists for cache : size-32
=== Partial Slabs ===
displaying slab info
colour off is : 0x00000020
s_mem is : 0x0009C020
in_use : 0x00000001
free_list is : 0x0009C040
=== Full Slabs ===
=== Free Slabs ===
slab partial is not empty 
in slab_get_obj free_list points to :0x0009C040
in slab_get_obj objp points to :0x0009C040
displaying lists for cache : size-32
=== Partial Slabs ===
displaying slab info
colour off is : 0x00000020
s_mem is : 0x0009C020
in_use : 0x00000002
free_list is : 0x0009C060
=== Full Slabs ===
=== Free Slabs ===
destroying slab
freeing address : 0x0009C000
freeing page no: 0x0000009C
----------------------showing buddy---------------------------
order  is not empty : 0
 bCnt : 0 page_no: 156 
order  is empty : 0x00000001
order  is not empty : 2
 bCnt : 0 page_no: 147 
order  is not empty : 3
 bCnt : 0 page_no: 131 
order  is empty : 0x00000004
order  is empty : 0x00000005
order  is not empty : 6
 bCnt : 0 page_no: 3 
order  is empty : 0x00000007
order  is empty : 0x00000008
order  is not empty : 9
 bCnt : 0 page_no: 2613 
 bCnt : 1 page_no: 1589 
 bCnt : 2 page_no: 565 
order  is empty : 0x0000000A

GDT init...
PIC remap...
IDT setup...
Install timer & keyboard drivers..
PIT init...
IDT init...
RAW int_no: 32
IRQ#: 0 hit
Boot complete.
RAW int_no: 32
IRQ#: 0 hit
RAW int_no: 32
IRQ#: 0 hit
RAW int_no: 32
IRQ#: 0 hit
RAW int_no: 32
IRQ#: 0 hit
RAW int_no: 32
IRQ#: 0 hit
RAW int_no: 32
IRQ#: 0 hit
RAW int_no: 32
IRQ#: 0 hit
RAW int_no: 32
IRQ#: 0 hit
RAW int_no: 32
IRQ#: 0 hit
RAW int_no: 32
IRQ#: 0 hit
RAW int_no: 32
IRQ#: 0 hit
RAW int_no: 32
IRQ#: 0 hit
RAW int_no: 32
IRQ#: 0 hit
RAW int_no: 32
IRQ#: 0 hit
RAW int_no: 32
IRQ#: 0 hit
RAW int_no: 32
IRQ#: 0 hit
RAW int_no: 32
IRQ#: 0 hit
RAW int_no: 32
IRQ#: 0 hit
RAW int_no: 32
IRQ#: 0 hit
RAW int_no: 32
IRQ#: 0 hit
RAW int_no: 32
IRQ#: 0 hit
RAW int_no: 32
IRQ#: 0 hit
RAW int_no: 32
IRQ#: 0 hit
RAW int_no: 32
IRQ#: 0 hit
RAW int_no: 32
IRQ#: 0 hit
RAW int_no: 32
IRQ#: 0 hit
RAW int_no: 32
IRQ#: 0 hit
RAW int_no: 32
IRQ#: 0 hit
RAW int_no: 32
IRQ#: 0 hit
RAW int_no: 32
IRQ#: 0 hit
RAW int_no: 32
IRQ#: 0 hit
RAW int_no: 32
IRQ#: 0 hit
RAW int_no: 32
IRQ#: 0 hit
RAW int_no: 32
IRQ#: 0 hit
RAW int_no: 32
IRQ#: 0 hit
RAW int_no: 32
IRQ#: 0 hit
RAW int_no: 32
IRQ#: 0 hit
RAW int_no: 32
IRQ#: 0 hit
RAW int_no: 32
IRQ#: 0 hit
RAW int_no: 32
IRQ#: 0 hit
RAW int_no: 32
IRQ#: 0 hit
RAW int_no: 32
IRQ#: 0 hit
RAW int_no: 32
IRQ#: 0 hit
RAW int_no: 32
IRQ#: 0 hit
RAW int_no: 32
IRQ#: 0 hit
RAW int_no: 32
IRQ#: 0 hit
RAW int_no: 32
IRQ#: 0 hit
RAW int_no: 32
IRQ#: 0 hit
RAW int_no: 32
IRQ#: 0 hit
RAW int_no: 32
IRQ#: 0 hit
RAW int_no: 32
IRQ#: 0 hit
RAW int_no: 32
IRQ#: 0 hit
RAW int_no: 32
IRQ#: 0 hit
RAW int_no: 32
IRQ#: 0 hit
RAW int_no: 32
IRQ#: 0 hit
RAW int_no: 32
IRQ#: 0 hit
RAW int_no: 32
IRQ#: 0 hit
RAW int_no: 32
IRQ#: 0 hit
RAW int_no: 32
IRQ#: 0 hit
RAW int_no: 32
IRQ#: 0 hit
RAW int_no: 32
IRQ#: 0 hit
RAW int_no: 32
IRQ#: 0 hit
RAW int_no: 32
IRQ#: 0 hit
RAW int_no: 32
IRQ#: 0 hit
RAW int_no: 32
IRQ#: 0 hit
RAW int_no: 32
IRQ#: 0 hit
RAW int_no: 32
IRQ#: 0 hit
RAW int_no: 32
IRQ#: 0 hit
RAW int_no: 32
IRQ#: 0 hit
RAW int_no: 32
IRQ#: 0 hit
RAW int_no: 32
IRQ#: 0 hit
RAW int_no: 32
IRQ#: 0 hit
RAW int_no: 32
IRQ#: 0 hit
RAW int_no: 32
IRQ#: 0 hit
RAW int_no: 32
IRQ#: 0 hit
RAW int_no: 32
IRQ#: 0 hit
RAW int_no: 32
IRQ#: 0 hit
RAW int_no: 32
IRQ#: 0 hit
RAW int_no: 32
IRQ#: 0 hit
RAW int_no: 32
IRQ#: 0 hit
RAW int_no: 32
IRQ#: 0 hit
RAW int_no: 32
IRQ#: 0 hit
RAW int_no: 32
IRQ#: 0 hit
RAW int_no: 32
IRQ#: 0 hit
RAW int_no: 32
IRQ#: 0 hit
RAW int_no: 32
IRQ#: 0 hit
RAW int_no: 32
IRQ#: 0 hit
RAW int_no: 32
IRQ#: 0 hit
RAW int_no: 32
IRQ#: 0 hit
RAW int_no: 32
IRQ#: 0 hit
RAW int_no: 32
IRQ#: 0 hit
RAW int_no: 32
IRQ#: 0 hit
RAW int_no: 32
IRQ#: 0 hit
RAW int_no: 32
IRQ#: 0 hit
RAW int_no: 32
IRQ#: 0 hit
RAW int_no: 32
IRQ#: 0 hit
RAW int_no: 32
IRQ#: 0 hit
RAW int_no: 32
IRQ#: 0 hit
RAW int_no: 32
IRQ#: 0 hit
Timer tick: 100
RAW int_no: 32
IRQ#: 0 hit
RAW int_no: 32
IRQ#: 0 hit
RAW int_no: 32
IRQ#: 0 hit
RAW int_no: 32
IRQ#: 0 hit
RAW int_no: 32
IRQ#: 0 hit
RAW int_no: 32
IRQ#: 0 hit
RAW int_no: 32
IRQ#: 0 hit
RAW int_no: 32
IRQ#: 0 hit
RAW int_no: 32
IRQ#: 0 hit
RAW int_no: 32
IRQ#: 0 hit
RAW int_no: 32
IRQ#: 0 hit
RAW int_no: 32
IRQ#: 0 hit
RAW int_no: 32
IRQ#: 0 hit
RAW int_no: 32
IRQ#: 0 hit
RAW int_no: 32
IRQ#: 0 hit
RAW int_no: 32
IRQ#: 0 hit
RAW int_no: 32
IRQ#: 0 hit
RAW int_no: 32
IRQ#: 0 hit
RAW int_no: 32
IRQ#: 0 hit
RAW int_no: 32
IRQ#: 0 hit
RAW int_no: 32
IRQ#: 0 hit
RAW int_no: 32
IRQ#: 0 hit
RAW int_no: 32
IRQ#: 0 hit
RAW int_no: 32
IRQ#: 0 hit
RAW int_no: 32
IRQ#: 0 hit
RAW int_no: 32
IRQ#: 0 hit
RAW int_no: 32
IRQ#: 0 hit
RAW int_no: 32
IRQ#: 0 hit
RAW int_no: 32
IRQ#: 0 hit
RAW int_no: 32
IRQ#: 0 hit
RAW int_no: 32
IRQ#: 0 hit
RAW int_no: 32
IRQ#: 0 hit
RAW int_no: 32
IRQ#: 0 hit
RAW int_no: 32
IRQ#: 0 hit
RAW int_no: 32
IRQ#: 0 hit
RAW int_no: 32
IRQ#: 0 hit
RAW int_no: 32
IRQ#: 0 hit
RAW int_no: 32
IRQ#: 0 hit
RAW int_no: 32
IRQ#: 0 hit
RAW int_no: 32
IRQ#: 0 hit
RAW int_no: 32
IRQ#: 0 hit
RAW int_no: 32
IRQ#: 0 hit
RAW int_no: 32
IRQ#: 0 hit
RAW int_no: 32
IRQ#: 0 hit
RAW int_no: 32
IRQ#: 0 hit
RAW int_no: 32
IRQ#: 0 hit
RAW int_no: 32
IRQ#: 0 hit
RAW int_no: 32
IRQ#: 0 hit
RAW int_no: 32
IRQ#: 0 hit
RAW int_no: 32
IRQ#: 0 hit
RAW int_no: 32
IRQ#: 0 hit
RAW int_no: 32
IRQ#: 0 hit
RAW int_no: 32
IRQ#: 0 hit
RAW int_no: 32
IRQ#: 0 hit
RAW int_no: 32
IRQ#: 0 hit
RAW int_no: 32
IRQ#: 0 hit
RAW int_no: 32
IRQ#: 0 hit
RAW int_no: 32
IRQ#: 0 hit
RAW int_no: 32
IRQ#: 0 hit
RAW int_no: 32
IRQ#: 0 hit
RAW int_no: 32
IRQ#: 0 hit
RAW int_no: 32
IRQ#: 0 hit
RAW int_no: 32
IRQ#: 0 hit
RAW int_no: 32
IRQ#: 0 hit
RAW int_no: 32
IRQ#: 0 hit
RAW int_no: 32
IRQ#: 0 hit
RAW int_no: 32
IRQ#: 0 hit
RAW int_no: 32
IRQ#: 0 hit
RAW int_no: 32
IRQ#: 0 hit
RAW int_no: 32
IRQ#: 0 hit
RAW int_no: 32
IRQ#: 0 hit
RAW int_no: 32
IRQ#: 0 hit
RAW int_no: 32
IRQ#: 0 hit
RAW int_no: 32
IRQ#: 0 hit
RAW int_no: 32
IRQ#: 0 hit
RAW int_no: 32
IRQ#: 0 hit
RAW int_no: 32
IRQ#: 0 hit
RAW int_no: 32
IRQ#: 0 hit
RAW int_no: 32
IRQ#: 0 hit
RAW int_no: 32
IRQ#: 0 hit
RAW int_no: 32
IRQ#: 0 hit
RAW int_no: 32
IRQ#: 0 hit
RAW int_no: 32
IRQ#: 0 hit
RAW int_no: 32
IRQ#: 0 hit
RAW int_no: 32
IRQ#: 0 hit
RAW int_no: 32
IRQ#: 0 hit
RAW int_no: 32
IRQ#: 0 hit
RAW int_no: 32
IRQ#: 0 hit
RAW int_no: 32
IRQ#: 0 hit
RAW int_no: 32
IRQ#: 0 hit
RAW int_no: 32
IRQ#: 0 hit
RAW int_no: 32
IRQ#: 0 hit
RAW int_no: 32
IRQ#: 0 hit
RAW int_no: 32
IRQ#: 0 hit
RAW int_no: 32
IRQ#: 0 hit
RAW int_no: 32
IRQ#: 0 hit
RAW int_no: 32
IRQ#: 0 hit
RAW int_no: 32
IRQ#: 0 hit
RAW int_no: 32
IRQ#: 0 hit
RAW int_no: 32
IRQ#: 0 hit
Timer tick: 200
RAW int_no: 32
IRQ#: 0 hit
RAW int_no: 32
IRQ#: 0 hit
RAW int_no: 32
IRQ#: 0 hit
RAW int_no: 32
IRQ#: 0 hit
RAW int_no: 32
IRQ#: 0 hit
RAW int_no: 32
IRQ#: 0 hit
RAW int_no: 32
IRQ#: 0 hit
RAW int_no: 32
IRQ#: 0 hit
RAW int_no: 32
IRQ#: 0 hit
RAW int_no: 32
IRQ#: 0 hit
RAW int_no: 32
IRQ#: 0 hit
RAW int_no: 32
IRQ#: 0 hit
RAW int_no: 32
IRQ#: 0 hit
RAW int_no: 32
IRQ#: 0 hit
RAW int_no: 32
IRQ#: 0 hit
RAW int_no: 32
IRQ#: 0 hit
RAW int_no: 32
IRQ#: 0 hit
RAW int_no: 32
IRQ#: 0 hit
RAW int_no: 32
IRQ#: 0 hit
RAW int_no: 32
IRQ#: 0 hit
RAW int_no: 32
IRQ#: 0 hit
RAW int_no: 32
IRQ#: 0 hit
RAW int_no: 32
IRQ#: 0 hit
RAW int_no: 32
IRQ#: 0 hit
